alpha,beta,alpha=beta,LRT,p-value,Total branch length,dN/dS LB,dN/dS MLE,dN/dS UB,Site,adjusted_p-value,HumanREM2
0.0,0.05992171032821438,0.06089796830382742,0.001800835222404373,0.9661509319081883,0.7102428918572639,3823.647331816145,10.0,10000.0,1,1.0,1.0
1.855018565092686,0.2878466372054507,0.532101447699087,9.514901101389569,0.002038100890373373,6.205810825900475,0.06175263932542807,0.1551718363482084,0.3151294371973185,2,0.8926881899835373,2.0
0.0,0.0,0.0,0.0,1.0,0.0,0.0,0.0,0.0,3,1.0,
0.5204592604659918,0.4147498564132037,0.4420214230724769,0.1366895093230767,0.7115945235111443,5.155222457004824,0.3802928168241635,0.7968920680590034,1.448428429965355,4,1.0,3.0
0.2933389641715526,0.09535792966050842,0.1242693268798498,0.6966396167805584,0.4039151406937562,1.449332523737955,0.05457827278160232,0.3250776109127477,1.023177481634182,5,1.0,4.0
1.929044379166998,0.7235662960914141,1.067060695154069,5.535484135632203,0.01863460902259195,12.44495169579928,0.2000742564729202,0.3750905390802183,0.6333648068626277,6,1.0,5.0
0.0,0.0,0.0,0.0,1.0,0.0,0.0,0.0,0.0,7,1.0,
0.0,0.0,0.0,0.0,1.0,0.0,0.0,0.0,0.0,8,1.0,
1.372967197944981,0.2744081814842864,0.4278037855791776,5.736619995426423,0.01661473563595384,4.989404511843843,0.07888478433080652,0.1998650673483044,0.4082618323400622,9,1.0,6.0
2.285152974641214,0.498503430193347,0.9187257591542571,13.17311358672697,0.0002839944727558441,10.71494596913291,0.1127509394208771,0.2181488223000107,0.3788372470693588,10,0.13603335245004933,7.0
0.0,3.453583306764332,1.985225688336565,0.746716616698972,0.3875177645941649,23.15335754452208,1464.955707174349,10.0,10000.0,11,1.0,
0.0,0.0,0.0,0.0,1.0,0.0,0.0,0.0,0.0,12,1.0,
0.8743383844968501,0.5117875741341874,0.5689537313548746,0.6046581193676843,0.4368062415643335,6.635612890636774,0.3026663164059273,0.5853426810590073,1.012901710089487,13,1.0,8.0
0.0,0.0,0.0,0.0,1.0,0.0,0.0,0.0,0.0,14,1.0,9.0
0.4825350264383478,0.03837793805360953,0.09948607014609921,4.318065886809279,0.03770976056567121,1.160289515859582,0.004560814026007261,0.07953399432344209,0.353795423410347,15,1.0,10.0
1.364371621959384,0.5675480392408087,0.7389870558190674,3.99733753350219,0.04557219829938686,8.618683318816604,0.2374932851043301,0.4159776047128191,0.6704382370929384,16,1.0,11.0
1.086811847296645,0.03822293527335727,0.194546252169483,13.62225008097674,0.000223520637577912,2.268960633489012,0.00199910151122407,0.03516978156654593,0.1550553376194273,17,0.10728990603739776,12.0
0.9656256947612983,0.03763752704804913,0.3302490690652204,20.09079969039254,7.385108415469688e-06,3.851640052683163,0.002246841963218843,0.03897734624527891,0.1736588350081411,18,0.00402488408643098,13.0
0.4793455843664641,0.07880298796889733,0.1780556151041693,4.54815495392684,0.0329542388595625,2.076633071764744,0.02735938234824787,0.1643970249002059,0.5118619805717022,19,1.0,14.0
0.7972313759114318,0.1126804597756146,0.2782148414384,8.377037972966875,0.003799912139861528,3.244773496464909,0.0351587253593915,0.1413397204127762,0.3688319147045017,20,1.0,15.0
0.5193518257058826,0.3688670258335011,0.4221859611561536,0.4372834664689833,0.5084365330394522,4.923884758471313,0.3408757878996351,0.7102449776356355,1.287857778204697,21,1.0,16.0
0.5343501989389237,0.0,0.1986158502889484,13.87617226016663,0.0001952583549776898,2.316423680575336,0.0,0.0,0.1611164859631919,22,0.09430978545422417,17.0
0.4810194141075423,0.0,0.1478450231922769,11.63894809268384,0.0006458511528271149,1.724291954945029,0.0,0.0,0.1713538413572688,23,0.29709153030047286,18.0
0.7491951663281561,0.06483679016360187,0.2049249237528697,10.68067554621248,0.001082605184197893,2.390005356725833,0.01435061718316281,0.08654192268934449,0.2676173542199863,24,0.4915027536258434,19.0
0.7453808705556818,0.1781140962833679,0.3447283789024989,5.331047276031313,0.02094879365720415,4.020509838939719,0.07378696353160259,0.238957160452191,0.5587068492897753,25,1.0,20.0
1.671804857465657,0.4075424398882443,0.7322005017292851,10.16550550195399,0.001430926763781204,8.539532865415191,0.1162833928334488,0.2437739297552055,0.4413345058505699,26,0.6367624098826358,21.0
0.1601701127548248,0.334222150450922,0.2945169022783217,0.5495577093429489,0.4584984702163195,3.434901724986638,0.8912694901228007,2.08666988305441,4.069138910763356,27,1.0,22.0
0.8541641579353974,0.1852217449938685,0.2625430766245321,3.479459297991141,0.06213503904344364,3.061996305830638,0.07783778193484359,0.2168456066355776,0.4699506668611431,28,1.0,23.0
0.4788809145351641,1.044064576842534,0.9310609524770995,1.314782580380097,0.2515305654435991,10.85880928052492,1.33613914835817,2.180217555456303,3.34306941978442,29,1.0,24.0
0.3780837792976023,1.242806050455568,1.03249891040442,3.331492256407586,0.06796518370056615,12.0418633394543,2.024728726356195,3.287118142874133,5.020448823837473,30,1.0,25.0
0.4841176961325043,0.3877283754836273,0.4150707209627397,0.1234261689524203,0.7253478368603438,4.84090089362353,0.3635638977903633,0.8008969277121922,1.508078366175453,31,1.0,26.0
0.8326250852070053,0.110889670981371,0.2809823689162357,9.301881522181858,0.002289186336246973,3.277050709874489,0.03309188767597027,0.1331807952360718,0.3472390650663998,32,0.9957960562674332,27.0
2.731534337507207,0.09239529404523983,0.8946952528429857,44.1626653389178,3.021904948496967e-11,10.43468216443323,0.005607100864675714,0.03382541920727221,0.1051005913619994,33,1.8675372581711255e-08,28.0
0.9405055168658494,0.4934247208519929,0.6703529124145248,1.992761182357185,0.158052472742519,7.818214701397641,0.2508153488605815,0.5246377740518596,0.9586346624612889,34,1.0,29.0
0.0,0.0,0.0,0.0,1.0,0.0,0.0,0.0,0.0,35,1.0,
0.0,0.0,0.0,0.0,1.0,0.0,0.0,0.0,0.0,36,1.0,
0.0,0.0,0.0,0.0,1.0,0.0,0.0,0.0,0.0,37,1.0,
0.0,0.0,0.0,0.0,1.0,0.0,0.0,0.0,0.0,38,1.0,
0.0,2.520239208963143,2.092747819515482,0.318656004200248,0.572416458840207,24.40737030577162,1464.96894436089,10.0,10000.0,39,1.0,
0.0,6.35032637710206,2.027098956873981,1.647465317615112,0.1993042663515553,23.64171852216837,1464.993340963846,10.0,10000.0,40,1.0,
0.0,0.0,0.0,0.0,1.0,0.0,0.0,0.0,0.0,41,1.0,
0.0,0.0,0.0,0.0,1.0,0.0,0.0,0.0,0.0,42,1.0,
0.0,0.0,0.0,0.0,1.0,0.0,0.0,0.0,0.0,43,1.0,
0.0,0.0,0.0,0.0,1.0,0.0,0.0,0.0,0.0,44,1.0,
0.0,0.0,0.0,0.0,1.0,0.0,0.0,0.0,0.0,45,1.0,
0.0,0.0,0.0,0.0,1.0,0.0,0.0,0.0,0.0,46,1.0,
0.2376898105041795,0.2826748990396132,0.2701021774373139,0.04470347971216881,0.8325502088606974,3.150156843376409,0.4702349523743198,1.189259642388594,2.433448311583493,47,1.0,30.0
2.134808599575315,0.1509964757460186,0.6797000163502164,33.34588842180878,7.714073824161005e-09,7.927228422457341,0.02198794585204752,0.07073068554064138,0.1658998314411085,48,4.674728737441569e-06,31.0
0.0,0.0,0.0,0.0,1.0,0.0,0.0,0.0,0.0,49,1.0,
0.351930263923618,0.04762376422132777,0.1353667567297619,3.58892002865678,0.05816603222547068,1.578760005283169,0.007716360118783907,0.1353215938020718,0.5991519995668594,50,1.0,32.0
0.8243888737525994,0.3601733013214568,0.5118900760441554,3.136729654025402,0.07654715112472166,5.970088954507627,0.2084379274795458,0.43689733424222,0.792736208581824,51,1.0,33.0
0.07087016824255858,0.09653526245920198,0.0853432322257684,0.07107850838687568,0.7897728977489694,0.9953439456972194,0.2250590934247674,1.362142419766842,4.220988308420245,52,1.0,34.0
0.0,0.0,0.0,0.0,1.0,0.0,0.0,0.0,0.0,53,1.0,
0.6789422581793865,0.1272948783796262,0.2753378577270739,6.033373715985945,0.01403787762381015,3.21121971317999,0.0457430088281126,0.1874899917424097,0.4822385443447372,54,1.0,35.0
0.2831216924211752,0.7429940204152757,0.5529479959318563,3.290791420197422,0.06966943354144162,6.44894065624579,1.490284050243492,2.624292098784113,4.262093945906231,55,1.0,36.0
0.575956670760175,0.1544277920871746,0.2893302812536654,4.56249953463589,0.032679346376007,3.374411025245378,0.08288562196441664,0.2681239751652733,0.626495530343034,56,1.0,37.0
1.335657538124887,0.4996179864653212,0.7591007946766476,5.422688392627208,0.01987673189146166,8.853266515106451,0.1922232458940936,0.3740614432998513,0.6486585712740598,57,1.0,38.0
1.203690085853751,0.5151408002570182,0.7400233901983599,4.571332876442398,0.03251126063051779,8.630769914592797,0.2337611846670272,0.427967968093415,0.7122993484554707,58,1.0,39.0
0.5516953405982913,0.7189319506992986,0.6504455035779709,0.3155472775521844,0.5742959367884494,7.586037897880698,0.7176287158498592,1.303132177842296,2.158119173160578,59,1.0,40.0
0.8513123446429915,0.330614527185358,0.544254295652728,3.552225534569686,0.0594656418942805,6.347547473531019,0.1536262602422626,0.3883586667875765,0.7925725882105825,60,1.0,41.0
1.073073868934487,0.2079884576263513,0.3275255622621486,6.053961322279307,0.01387513451028244,3.819876245093458,0.07703701872383507,0.1938249207697828,0.3963901536882926,61,1.0,42.0
3.771527280269791,0.0,0.6129563096842663,6.840329689987961,0.008912238930519956,7.148807654802311,0.0,0.0,0.1919629941883101,62,1.0,
2.001914382976263,0.2063600066379025,0.4218980969982005,15.25323879532289,9.401539860809383e-05,4.920527446598665,0.04084035912755237,0.1030813347427502,0.210205948934631,63,0.04691368390543882,43.0
0.3485759600608656,0.4434120751883108,0.4029484829952199,0.1904834658413392,0.6625145374275818,4.699521245178151,0.6057952459173089,1.272067285164719,2.320661941236378,64,1.0,44.0
0.8975276122792398,0.08047018704063623,0.2034327487713779,7.860957785359375,0.00505136271612161,2.372602367701234,0.01484577193449811,0.08965761714704801,0.2778006993785101,65,1.0,45.0
0.7284577283684682,0.06516572005887676,0.2013662222000162,10.32532229956898,0.001312173440565889,2.348500811458487,0.01477645755541402,0.0894571057744543,0.2758918363240714,66,0.5878537013735182,46.0
0.6019236098290359,0.05314372777464999,0.2796775844489996,8.756666039885047,0.003084724427339425,3.261833225300347,0.005033188528754746,0.08828982101191275,0.3904194506548037,67,1.0,47.0
1.562464190975704,0.04960336355046276,0.636743600958889,29.88640574976904,4.581135948367177e-08,7.426234882916869,0.001801911428752988,0.03174688024017189,0.1397648777773948,68,2.7211947533301032e-05,48.0
0.3470008819499759,0.1355506661697546,0.2193473839827842,1.711391210191394,0.1908049676120129,2.558212115451921,0.09681517429712522,0.3906349327068735,1.021123752672941,69,1.0,49.0
1.229400549158056,0.268572988831629,0.4958000737985701,7.545312660191172,0.006016638128389262,5.782433930158051,0.08657627434742154,0.2184584910227662,0.4460142352390939,70,1.0,50.0
1.212150957890765,0.09639777030211055,0.5287671458607681,18.89169870460509,1.383534154442145e-05,6.166923417240837,0.01323870874476362,0.07952620890540728,0.247671308305952,71,0.007374237043176633,51.0
0.847254128068341,0.1565518231023821,0.2612806352829375,4.686586128145095,0.03039898666604546,3.047272662099524,0.05727026526446264,0.1847755211996493,0.4326571803341398,72,1.0,52.0
1.684806316249998,1.150676208113617,1.347375849514717,1.157970513259841,0.2818868361360495,15.7142207931069,0.4174481376693041,0.6829723968953093,1.054292778380069,73,1.0,53.0
0.0,0.0,0.0,0.0,1.0,0.0,0.0,0.0,0.0,74,1.0,
0.0,0.0,0.0,0.0,1.0,0.0,0.0,0.0,0.0,75,1.0,
2.245648439024278,0.5514437265949342,1.024473315703984,15.87537578749976,6.765325301072433e-05,11.94826216116091,0.1377159623880027,0.2455610223809269,0.4033292816087503,76,0.03436785252944796,54.0
0.9921234658460133,0.2715286781793482,0.4786375429570891,5.853912428827073,0.01554245966933643,5.582270182894305,0.1078687616429094,0.2736843624072611,0.5581168435920428,77,1.0,55.0
0.7329973864518652,0.2468985334238505,0.4434690357626093,4.185412850369261,0.04077328065645691,5.172105723425132,0.1204586664045116,0.3368341251787859,0.7294125835197326,78,1.0,56.0
0.9020412969624844,0.2769094056369283,0.457885682028562,4.605078392570533,0.03187739582228521,5.340244674854976,0.1215705888773398,0.306980851729724,0.6277521148801666,79,1.0,57.0
0.8283898433488973,0.754439901527485,0.7846597509621097,0.05812160572577341,0.8094898353773068,9.151356378046904,0.5267778320088286,0.9107305063972562,1.459852447021542,80,1.0,58.0
1.163141218644204,1.053978199830836,1.087611601635705,0.0670190362547487,0.795727558971461,12.6846335054942,0.5624409779927062,0.9061480952926664,1.377696575181994,81,1.0,59.0
1.49913932884703,0.5871922826975163,0.9396100605496643,6.200231112367192,0.01277336328463086,10.95851610834494,0.2076475382519732,0.391686263843881,0.6678632921582193,82,1.0,60.0
1.616735234943016,0.1348135935075671,0.5664436669884704,21.53442601043596,3.475335112024247e-06,6.606338426742536,0.02063101119102319,0.08338631495980152,0.2175071053406656,83,0.0019149096467253601,61.0
1.145367416389421,0.4984202350903582,0.6887646904679827,3.129468334651563,0.07688881196711184,8.032948211449739,0.2163369670389599,0.4351618772791221,0.7737351845354307,84,1.0,62.0
0.4556611849528177,0.0,0.1326342985000749,9.778581232454144,0.001765564967371014,1.54689179869129,0.0,0.0,0.197931687352229,85,0.7803797155779882,63.0
0.7419710310946493,0.1518677423520386,0.3359963688227805,7.396341402941744,0.006535666853501265,3.918669855382236,0.06340915682661698,0.2046814983166986,0.4800719081839453,86,1.0,64.0
0.9159267845605595,0.0,0.4311554739017307,19.96275745203872,7.896531339257606e-06,5.028494696181976,0.0,0.0,0.1264006661091128,87,0.004279919985877623,65.0
0.4099913675383738,0.0,0.1254332455402311,11.77021769192734,0.0006018593914318693,1.462907113798357,0.0,0.0,0.1693419891187559,88,0.2780590388415236,66.0
0.8023155282851081,0.0,0.2203068116146548,17.8098449174243,2.441168671185601e-05,2.569401760603755,0.0,0.0,0.1042450717034187,89,0.012840547210436261,67.0
1.009306717745541,0.0,0.2358336329598544,29.05299831289834,7.042502003784534e-08,2.750488499631675,0.0,0.0,0.05798331842457265,90,4.1339486762215216e-05,68.0
0.0,0.0,0.0,0.0,1.0,0.0,0.0,0.0,0.0,91,1.0,69.0
0.6538072820917874,0.0,0.2572414660558462,17.53616218499467,2.818948449923031e-05,3.00016450213206,0.0,0.0,0.1316907805798406,92,0.014714910908598222,70.0
1.830489710158119,0.04226094995369088,0.4983087576735851,32.30107404695653,1.320403297810913e-08,5.811692293610456,0.001315091926127805,0.02308723710336528,0.1020456314403944,93,7.975235918777914e-06,71.0
1.105263157894737,0.0,0.2933203966579167,23.15350214899566,1.495705490905941e-06,3.420947078622737,0.0,0.0,0.0779004700443788,94,0.0008346036639255151,72.0
0.6935756357272219,0.0,0.09395892336689116,11.76347193821726,0.0006040444993599126,1.095827320789315,0.0,0.0,0.1011858518019078,95,0.2784645142049197,73.0
1.352941176470589,0.0,0.1978115086796905,27.01787788188493,2.015823770129543e-07,2.307042777952276,0.0,0.0,0.04663811253567694,96,0.00011611144915946169,74.0
1.352941176470589,0.0,0.1631812360568211,19.54557466020284,9.822801602221709e-06,1.903155658914737,0.0,0.0,0.05406597448859596,97,0.005294490063597501,75.0
1.352502007285021,0.0471868316986944,0.2700931608290357,15.06394344782875,0.0001039296503096976,3.150051684171321,0.001989018731833023,0.03488854836778844,0.1541794446906114,98,0.051756965854229404,76.0
1.352941176470589,0.0,0.5317715457620931,31.73618353336971,1.766011303860893e-08,6.201963234391496,0.0,0.0,0.07278105893611791,99,1.0631388049242576e-05,77.0
0.8463453429387282,0.5385277865276729,0.6489262620929259,0.8264392354483903,0.3633041862452823,7.568319236719715,0.3171256927651647,0.6362979261606925,1.129512959487066,100,1.0,78.0
1.394552972370812,0.04680809844033768,0.4863148738955994,23.96798596743773,9.79509400589329e-07,5.67180961876363,0.001922420100839786,0.03356494831513034,0.1497642900545889,101,0.0005504842831312029,79.0
0.9885487993098522,0.2294848483837463,0.4335511241038216,6.502228540042495,0.01077393669451943,5.05643476667698,0.08258245050562565,0.2321431663707036,0.502110491645449,102,1.0,80.0
2.026004728132389,0.0,0.3754310276607525,32.59135466043635,1.137194693967558e-08,4.378589733049576,0.0,0.0,0.04419200876241694,103,6.880027898503726e-06,81.0
0.579931666316098,0.0,0.2232440469263882,15.48105038402477,8.333654752223918e-05,2.603658248299089,0.0,0.0,0.1471344511714091,104,0.04183494685616407,82.0
0.668987833607017,0.1215311244057267,0.3003569266219036,7.233122173680243,0.007157063033832456,3.503012959135014,0.04511542319416995,0.1816641772847511,0.4747002675682635,105,1.0,83.0
0.5005532374734821,0.0,0.1551810947172327,13.98551738174292,0.0001842242039864495,1.809851338942226,0.0,0.0,0.1434952682075753,106,0.08916451472944156,84.0
0.5994416011988019,0.0,0.147323184751786,14.03716831078226,0.0001792326260289245,1.718205839867963,0.0,0.0,0.1242562807768707,107,0.08692782362402839,85.0
0.5765410642379594,0.04342257459012147,0.2607923586442643,10.54713383955364,0.001163683981793118,3.04157797274392,0.004291302451693834,0.07531566662561161,0.334330121184376,108,0.5259851597704893,86.0
0.4625127341663979,0.0,0.0646187990678682,7.751858489794039,0.00536572952570824,0.7536383231921661,0.0,0.0,0.1570150469440522,109,1.0,87.0
0.0,0.0,0.0,0.0,1.0,0.0,0.0,0.0,0.0,110,1.0,88.0
1.352941176470589,0.0,0.4321580196616454,29.85158302348185,4.664158992362388e-08,5.040187220901167,0.0,0.0,0.06363725473963999,111,2.7658462824708963e-05,89.0
0.5339024674862827,0.09098094931455303,0.2702920176940736,6.455922362369364,0.01105831241262811,3.152370918766893,0.0281353128054763,0.1704074336702528,0.5269303425308607,112,1.0,90.0
1.01802918730042,0.1890213309575969,0.3693946893861988,6.577224086809039,0.01032918538150207,4.308188922123373,0.05732176220831811,0.1856737835374231,0.433222450362057,113,1.0,91.0
0.7290220821778973,0.3208102398330337,0.4315354681273736,1.99574081145991,0.1577419192817383,5.032926505735345,0.187618856740218,0.4400555863474503,0.860046236432271,114,1.0,92.0
0.9704379622224794,0.2217456704351473,0.5006259400990659,8.833342000028864,0.002957762330399349,5.8387172074569,0.08148422780644936,0.2285006142250551,0.4934208579318235,115,1.0,93.0
1.961657504962139,0.1110451082815094,0.5163435613753634,29.42976097255973,5.798038382742732e-08,6.022029214397746,0.01404793082851031,0.05660779621346419,0.1474223174992161,116,3.420842645818212e-05,94.0
0.5719860338547634,0.1108695867182572,0.2808274325649337,7.157309265787319,0.007465911042011997,3.275243712937358,0.04818809360872028,0.193832681492375,0.505610394499496,117,1.0,95.0
1.112000206250021,0.2228843317860174,0.4550930497463023,8.3630767417865,0.003829216742424646,5.3076746682802,0.0713115487187344,0.2004355129911768,0.4330643946896948,118,1.0,96.0
1.352941176470589,0.0,0.3004601435655662,31.17527353045594,2.35749910704186e-08,3.504216761209163,0.0,0.0,0.05114380145847327,119,1.4168569633321578e-05,97.0
0.6387518720538065,0.03642125834919376,0.2556997008743436,14.27852111941984,0.0001576536125669215,2.982183150839485,0.003256461017998806,0.05701941542979266,0.2521398539860245,120,0.07661965570752385,98.0
1.258968264233868,0.07652561621023157,0.2307102979551252,11.88804646618136,0.0005649534436504844,2.690735894231804,0.01009170508633051,0.06078438860156691,0.1887585478830541,121,0.26213839785382476,99.0
1.352941176470589,0.0,0.3337978143432345,34.43308533320655,4.411600085241218e-09,3.893028479570355,0.0,0.0,0.05146204894806812,122,2.6822528518266604e-06,100.0
0.6799595307895988,0.0496031107422627,0.2971094088542873,10.90971725458519,0.0009566112547024774,3.465137698680969,0.004153072868555994,0.07295009261016078,0.3221308484589809,123,0.43525812088962723,101.0
1.16934723886363,0.04305360189423062,0.3265881338293662,18.71115467967385,1.520901731588697e-05,3.808943172947493,0.002109761576933145,0.03681849194433474,0.1637171094796317,124,0.008060779177420093,102.0
0.5529134072162144,0.04368290151997983,0.2414706909271192,9.747199123340266,0.001795961485186348,2.816232570636839,0.004513085808542197,0.07900495981805307,0.3498578286446866,125,0.7920190149671794,103.0
1.974851575524837,0.09204955937460947,0.6220829783047416,29.83511048924177,4.703955747142885e-08,7.255250475385241,0.007719850303761115,0.04661087471859569,0.1446044945574871,126,2.784741802308588e-05,104.0
3.036727224334506,0.161099940878768,0.5190328092041531,26.28436758814303,2.946641414203199e-07,6.053393465259305,0.01639365444449913,0.05305051424698601,0.1239905478099252,127,0.00016913721717526362,105.0
0.3609972170569501,0.5522437090374025,0.4731667777682845,0.6207449363995465,0.4307705976631466,5.518465556950416,0.7869190008816758,1.529772759855602,2.653667686157248,128,1.0,106.0
1.305953241197734,0.5314186988979149,0.7417319663698461,3.792461182725987,0.05148389393389752,8.650696754761594,0.2094906979528401,0.4069201577313233,0.7083171631845049,129,1.0,107.0
1.143216746926292,0.6933880187680193,0.8563728801590599,1.571906777196205,0.2099303194638994,9.987734695478789,0.3386360336524075,0.6065236715892205,0.9957333699431573,130,1.0,108.0
0.471911903241243,0.5258726908098339,0.5107889449168755,0.0352471316427625,0.8510787518358808,5.957246645019543,0.5916925462060667,1.114345044483877,1.891849797212467,131,1.0,109.0
0.8006587683837199,0.7442425454214578,0.7610124511711763,0.03115326624697445,0.859898887193884,8.875561847360197,0.5165149815317795,0.9295377441801471,1.515145446766677,132,1.0,110.0
2.047412573170049,0.6015147319579963,0.803636424765077,7.202259150186023,0.007281186398810702,9.372678173421223,0.1743960312675928,0.2937926336100688,0.4609928351943395,133,1.0,111.0
0.4774960792911935,0.07939613303076694,0.2114790204142343,5.766153456081582,0.01633775715022878,2.466444697740549,0.02756934025061563,0.1662759894251371,0.5145637882585481,134,1.0,112.0
1.252560338420714,0.4529973004358113,0.6920030290946617,5.26517147823381,0.02175627928489576,8.070716417107283,0.1801892181074447,0.3616570687580377,0.6413675644544221,135,1.0,113.0
0.8715544937958158,0.2156780263983153,0.3449399703127424,5.191157298986724,0.02270209360723907,4.022977594421377,0.09808850024243626,0.2474636157964019,0.5060436464601534,136,1.0,114.0
0.1962474079598455,0.0,0.0257824972503381,4.043879129533661,0.04433180920215785,0.3006969840934939,0.0,0.0,0.291011592945225,137,1.0,115.0
1.089481253134585,0.03338087405380095,0.1714394378315182,14.68746000959449,0.0001268877273329361,1.999469694889448,0.001732817234325857,0.0306392367539686,0.1342041850772558,138,0.06280942502980337,116.0
0.355289890622977,0.04174082540436341,0.123737632076558,4.1208646285247,0.04235742486619531,1.44313145553825,0.006728302850734876,0.117483853343459,0.5219212163752004,139,1.0,117.0
0.0,0.0,0.0,0.0,1.0,0.0,0.0,0.0,0.0,140,1.0,118.0
1.058157328000767,0.0,0.401178774491289,24.48952218861457,7.47150422197862e-07,4.678881428767438,0.0,0.0,0.09121143905699884,141,0.0004228871389639899,119.0
1.289618805707143,0.222006047121592,0.5309353449962094,11.83208402842314,0.000582187978408033,6.19221076371511,0.0614149813077199,0.1721485807582174,0.3726398732279834,142,0.2695530340029193,120.0
0.9782385011076209,0.0,0.2768442855644354,22.15409155766804,2.516191396018108e-06,3.228788930895824,0.0,0.0,0.08496528873208209,143,0.0014015186075820862,121.0
0.8439237400679782,0.0,0.1339822926724411,14.45173259660804,0.0001437975153507631,1.562613230881137,0.0,0.0,0.09116399877329982,144,0.07017318749117239,122.0
2.528719726511258,0.03068802049506567,0.3673397796159148,42.52041561912482,6.994826939887844e-11,4.284222850702554,0.0006932144102994728,0.01213579352955985,0.05365034517022493,145,4.294823741091136e-08,123.0
2.949158016843213,0.04295144342030011,0.7533166191684819,50.89406362401201,9.7488683792335e-13,8.7858066366515,0.0008419382579857776,0.01456396814785647,0.06534522652715319,146,6.04429839512477e-10,124.0
0.7506143818784071,0.0,0.2101229089963927,17.60393258451846,2.720252421539726e-05,2.450628595464638,0.0,0.0,0.1069041409113344,147,0.014281325213083562,125.0
0.09277792804977009,0.0,0.0312610454909785,2.543024908617198,0.1107823672292423,0.3645923824785234,0.0,0.0,0.8940460891916411,148,1.0,126.0
1.035575435947502,0.0,0.1418849878670542,19.56027362999132,9.747513099567229e-06,1.654781052646313,0.0,0.0,0.06113331479799535,149,0.0052653326336338235,127.0
1.355121466243782,0.03091292140759638,0.1888152038377654,19.41482578548911,1.051873146273863e-05,2.202120368470894,0.001294259406964692,0.02281191920993098,0.1001791016082549,150,0.005659077526953383,128.0
1.672482409662752,0.1507988632645388,0.495045881907111,21.01305222457728,4.561651339551887e-06,5.773637915366019,0.02805113116390698,0.09016469314911758,0.2117926750799856,151,0.002508908236753538,129.0
1.008190756059185,0.0,0.4573460057656576,24.81535837323241,6.309275663030078e-07,5.33395052021718,0.0,0.0,0.0998800865841979,152,0.00035858711946146204,130.0
0.7290771272455776,0.0,0.2789428326073277,19.08578014540859,1.249725752217046e-05,3.253263936580844,0.0,0.0,0.1183441097783783,153,0.006698530031883367,131.0
0.1151551943236562,0.1325056928585789,0.1276076668786733,0.01429887574595057,0.9048175221142907,1.488267028792996,0.2847461083946312,1.150670567982867,2.998618751807613,154,1.0,132.0
0.5026535526152567,0.0369842508753413,0.2090422734837881,10.47842285791965,0.001207768150203403,2.438025322927092,0.004171840557738306,0.07357801547987855,0.3232738055779961,155,0.5447034357417347,133.0
3.640408955607702,0.0,0.59122072370069,82.27726645914751,0.0,6.895309124799344,0.0,0.0,0.01561455878963428,156,0.0,134.0
2.085604878062037,0.1778995005912302,0.8055952900735291,30.23212108727961,3.833084027959899e-08,9.395524094232453,0.02630038520745332,0.0852987555133339,0.1990956171140432,157,2.2845180806640997e-05,135.0
0.3849108880709897,0.2238696805417038,0.2908754391168783,0.7830609319839681,0.3762066298151939,3.392431944821366,0.2085678821492229,0.5816143099085708,1.263930235205785,158,1.0,136.0
0.8467658270758166,0.0855410511121253,0.2834140188799417,10.2680741237585,0.001353520177835965,3.305410639611236,0.01671748613545356,0.1010209061075704,0.3127573007174315,159,0.6036699993148403,137.0
1.696506360520674,0.1411332369361457,0.4222508912094949,14.8610229892176,0.0001157297525287149,4.92464202690141,0.02066524976878159,0.0831905144716525,0.2173387205091225,160,0.057517687006771304,138.0
0.5009943393842936,0.097085290577129,0.2532371194547767,4.7916810461859,0.02859750332964817,2.953462472669385,0.03216280637884223,0.1937852046321397,0.5991318065806168,161,1.0,139.0
1.713991534825712,0.03791864756727276,0.2626948122362123,21.5825596093928,3.389197368308672e-06,3.063765973073063,0.001261114678900134,0.02212300749264116,0.09780865103150285,162,0.0018742261446746955,140.0
0.4648072097427546,0.4792296614266568,0.4747052497823767,0.003390106372592072,0.9535697100757136,5.536408500578334,0.5800594761919635,1.031028889788272,1.673429811571339,163,1.0,141.0
0.4476778143679752,0.3173875277931087,0.3721680058361279,0.4023753482792642,0.5258650709197972,4.340533651353184,0.3030274248130854,0.7089641648675213,1.387987418795717,164,1.0,142.0
1.330524203805381,0.07635319698729238,0.4360978815587586,23.44253483628961,1.287011723194453e-06,5.086137175969669,0.009538358124375718,0.05738580085121155,0.1783010875702624,165,0.0007220135767120881,143.0
1.489848399762075,0.2026505587782979,0.3797813043094972,9.306751269251023,0.002283109637099212,4.429326287214543,0.04859216693435323,0.1360209258946485,0.2947794998142065,166,0.9954358017752565,144.0
2.480579270046871,0.6424769481136684,1.179891650733409,14.60976856390818,0.0001322273459211099,13.76088039446906,0.1451486195909947,0.2590027885307324,0.4248376467790189,167,0.06505585419318607,145.0
0.8768328445747819,0.0,0.1348484960921365,14.67031566710474,0.0001280470540881984,1.572715617526809,0.0,0.0,0.08785653287124799,168,0.06325524471957,146.0
2.965182124829222,0.1301997167762103,0.4544820383941157,31.85851747707221,1.658209314303605e-08,5.300548544341722,0.01363020003526352,0.04390951762658055,0.1026067868926232,169,9.999002165250738e-06,147.0
0.0,0.4890016920473775,0.2697160168125435,10.60214536026345,0.001129565180643777,3.145653116133983,8252.082004824491,10.0,10000.0,170,0.511693026831631,148.0
17.77826723928699,3.051712887146302,4.003347917228379,0.4434033906128008,0.5054843414062364,46.69038197887358,0.03767654537100395,0.1716541238846117,0.84260746102534,171,1.0,
0.0,0.0,0.0,0.0,1.0,0.0,0.0,0.0,0.0,172,1.0,
0.0,0.0,0.0,0.0,1.0,0.0,0.0,0.0,0.0,173,1.0,
0.0,0.0,0.0,0.0,1.0,0.0,0.0,0.0,0.0,174,1.0,
0.0,0.0,0.0,0.0,1.0,0.0,0.0,0.0,0.0,175,1.0,
0.0,0.0,0.0,0.0,1.0,0.0,0.0,0.0,0.0,176,1.0,
0.0,6.096087379653043,2.74593564996628,2.644596450532507,0.1039025386634791,32.0253915065904,3827.480433573004,10.0,10000.0,177,1.0,
0.0,0.0,0.0,0.0,1.0,0.0,0.0,0.0,0.0,178,1.0,
3.31218180173215,0.0,1.148536803788731,2.054710214105821,0.1517361209962141,13.39519402121233,0.0,0.0,1.129534408950582,179,1.0,
0.0,1.723992884100619,1.4330035662067,0.3566007155421484,0.5504001989490821,16.71288263389325,1464.952254258401,10.0,10000.0,180,1.0,
0.0,0.0,0.0,0.0,1.0,0.0,0.0,0.0,0.0,181,1.0,
0.0,0.0,0.0,0.0,1.0,0.0,0.0,0.0,0.0,182,1.0,
0.0,1.900849858356944,1.094635251176332,1.071492998476877,0.3006084562532761,12.7665491637677,1464.961683146335,10.0,10000.0,183,1.0,
0.0,0.0,0.0,0.0,1.0,0.0,0.0,0.0,0.0,184,1.0,
0.0,0.0,0.0,0.0,1.0,0.0,0.0,0.0,0.0,185,1.0,
0.0,0.0,0.0,0.0,1.0,0.0,0.0,0.0,0.0,186,1.0,
0.0,2.519478293480512,1.609064437676111,0.7926535843707541,0.3732989441339617,18.76625134188485,1464.967141838568,10.0,10000.0,187,1.0,
0.0,0.0,0.0,0.0,1.0,0.0,0.0,0.0,0.0,188,1.0,
0.0,0.0,0.0,0.0,1.0,0.0,0.0,0.0,0.0,189,1.0,
0.0,0.0,0.0,0.0,1.0,0.0,0.0,0.0,0.0,190,1.0,
0.0,0.0,0.0,0.0,1.0,0.0,0.0,0.0,0.0,191,1.0,
0.0,0.0,0.0,0.0,1.0,0.0,0.0,0.0,0.0,192,1.0,
0.0,3.056784417299439,1.59518866635839,1.15619917132747,0.282255195875171,18.60442052516074,1464.982014745643,10.0,10000.0,193,1.0,
0.0,0.0,0.0,0.0,1.0,0.0,0.0,0.0,0.0,194,1.0,
0.0,0.0,0.0,0.0,1.0,0.0,0.0,0.0,0.0,195,1.0,
0.0,1.850804311702335,1.541169124788063,0.3528979235484933,0.5524772522937522,17.97439958209257,1464.958151792317,10.0,10000.0,196,1.0,
5.293660383156744,0.0,1.017278111104505,3.091180449045769,0.07871768349636243,11.86434568472375,0.0,0.0,0.4859890119878283,197,1.0,
0.0,0.0,0.0,0.0,1.0,0.0,0.0,0.0,0.0,198,1.0,
0.0,0.0,0.0,0.0,1.0,0.0,0.0,0.0,0.0,199,1.0,
0.0,0.0,0.0,0.0,1.0,0.0,0.0,0.0,0.0,200,1.0,
0.0,0.0,0.0,0.0,1.0,0.0,0.0,0.0,0.0,201,1.0,
0.0,0.0,0.0,0.0,1.0,0.0,0.0,0.0,0.0,202,1.0,
0.0,0.0,0.0,0.0,1.0,0.0,0.0,0.0,0.0,203,1.0,
0.0,0.0,0.0,0.0,1.0,0.0,0.0,0.0,0.0,204,1.0,
0.0,0.0,0.0,0.0,1.0,0.0,0.0,0.0,0.0,205,1.0,
0.0,0.0,0.0,0.0,1.0,0.0,0.0,0.0,0.0,206,1.0,
0.0,0.0,0.0,0.0,1.0,0.0,0.0,0.0,0.0,207,1.0,
0.0,0.0,0.0,0.0,1.0,0.0,0.0,0.0,0.0,208,1.0,
0.0,0.0,0.0,0.0,1.0,0.0,0.0,0.0,0.0,209,1.0,
0.0,0.0,0.0,0.0,1.0,0.0,0.0,0.0,0.0,210,1.0,
0.0,0.0,0.0,0.0,1.0,0.0,0.0,0.0,0.0,211,1.0,
0.0,0.0,0.0,0.0,1.0,0.0,0.0,0.0,0.0,212,1.0,
0.0,0.0,0.0,0.0,1.0,0.0,0.0,0.0,0.0,213,1.0,
0.0,0.0,0.0,0.0,1.0,0.0,0.0,0.0,0.0,214,1.0,
0.0,0.0,0.0,0.0,1.0,0.0,0.0,0.0,0.0,215,1.0,
0.0,0.0,0.0,0.0,1.0,0.0,0.0,0.0,0.0,216,1.0,
0.0,0.0,0.0,0.0,1.0,0.0,0.0,0.0,0.0,217,1.0,
0.0,0.0,0.0,0.0,1.0,0.0,0.0,0.0,0.0,218,1.0,
0.0,67.7198027794012,40.79109103301682,1.851899907532323,0.1735625855320105,475.7397211145042,3827.533102829213,10.0,10000.0,219,1.0,
0.0,0.0,0.0,0.0,1.0,0.0,0.0,0.0,0.0,220,1.0,
0.0,0.0,0.0,0.0,1.0,0.0,0.0,0.0,0.0,221,1.0,
0.0,0.0,0.0,0.0,1.0,0.0,0.0,0.0,0.0,222,1.0,
0.0,0.0,0.0,0.0,1.0,0.0,0.0,0.0,0.0,223,1.0,
0.0,0.0,0.0,0.0,1.0,0.0,0.0,0.0,0.0,224,1.0,
0.0,0.0,0.0,0.0,1.0,0.0,0.0,0.0,0.0,225,1.0,
0.0,0.0,0.0,0.0,1.0,0.0,0.0,0.0,0.0,226,1.0,
0.0,0.0,0.0,0.0,1.0,0.0,0.0,0.0,0.0,227,1.0,
0.0,0.0,0.0,0.0,1.0,0.0,0.0,0.0,0.0,228,1.0,
0.0,0.0,0.0,0.0,1.0,0.0,0.0,0.0,0.0,229,1.0,
0.0,0.0,0.0,0.0,1.0,0.0,0.0,0.0,0.0,230,1.0,
0.0,0.0,0.0,0.0,1.0,0.0,0.0,0.0,0.0,231,1.0,
0.0,0.0,0.0,0.0,1.0,0.0,0.0,0.0,0.0,232,1.0,
0.0,0.0,0.0,0.0,1.0,0.0,0.0,0.0,0.0,233,1.0,
0.0,1.7896681479968,1.359349299380958,0.5590692571630616,0.4546354962725809,15.85386515063423,1464.958737220477,10.0,10000.0,234,1.0,
0.0,0.0,0.0,0.0,1.0,0.0,0.0,0.0,0.0,235,1.0,
0.0,0.0,0.0,0.0,1.0,0.0,0.0,0.0,0.0,236,1.0,
0.0,1.946338656308451,1.083219833648577,1.118671204465816,0.2902047580366389,12.63341304473956,1464.960114217709,10.0,10000.0,237,1.0,
3.31218180173215,0.0,1.202214198051326,1.965373727229103,0.1609397722074132,14.02122455704602,0.0,0.0,1.222848424043655,238,1.0,
0.0,1.455635491606717,1.068589087154258,0.605325435004179,0.4365533150487075,12.4627770778989,1464.938727772376,10.0,10000.0,239,1.0,
4.374586940264664,1.988139215252119,2.781517934237458,0.254154080230613,0.6141651320181114,32.44038177939496,0.02501350660648368,0.4544747292487998,2.751518445046634,240,1.0,
0.0,0.0,0.0,0.0,1.0,0.0,0.0,0.0,0.0,241,1.0,
0.0,0.0,0.0,0.0,1.0,0.0,0.0,0.0,0.0,242,1.0,
0.0,0.0,0.0,0.0,1.0,0.0,0.0,0.0,0.0,243,1.0,
0.0,0.0,0.0,0.0,1.0,0.0,0.0,0.0,0.0,244,1.0,
1.064795963291558,0.04034662119284464,0.2021148759573804,12.9288746032159,0.0003235522446959349,2.35723223591221,0.002153405892989445,0.03789141073386762,0.1670681060658828,245,0.15318946409232082,149.0
1.981552262201967,0.03769241913170347,0.3211773274112704,27.10039380022252,1.931585904557664e-07,3.745837836189865,0.001087828360562784,0.01902166289059588,0.08435174760279109,246,0.00011145250669297721,150.0
0.5591784186240435,0.1851052382532454,0.2777473957789054,2.852927804370836,0.09120769864297973,3.239321755360359,0.1182098508191844,0.3310307266663282,0.7153193684291533,247,1.0,151.0
0.6767490855303936,0.0,0.2037967613548903,19.00249639144209,1.305475453794447e-05,2.376847786016283,0.0,0.0,0.1037016896562705,248,0.0069842936778002915,152.0
1.158468517344597,0.0399453645344543,0.2311942507606975,15.42297098328292,8.593727970795939e-05,2.696380155439948,0.001960504637727253,0.03448118264449323,0.1520956452953606,249,0.042968639853979695,153.0
0.2260146479716386,0.0,0.0720479696320786,6.836490538518397,0.008931413514191577,0.84028350582454,0.0,0.0,0.2983521821342123,250,1.0,154.0
1.869050537596751,0.09526437206317412,0.5955006940440949,27.3128288597529,1.730594068050095e-07,6.945225708199914,0.008276789940874245,0.050969393361437,0.1550107037070275,251,0.0001000283371332955,155.0
0.5040920304490435,0.03205871312174911,0.1072618210315934,6.757168282313081,0.00933718158855934,1.250976807227363,0.003619719030651195,0.06359694497290766,0.280209114724614,252,1.0,156.0
0.9522597246289154,0.6270969094601974,0.6426923791671756,0.1717218133793779,0.6785860893720747,7.49561449533007,0.4132612213624963,0.6585355793605256,0.9899328061015387,253,1.0,157.0
0.2182137227493081,0.0,0.06033793790740451,5.132803828361137,0.02347777226869208,0.7037113503401656,0.0,0.0,0.3677274589490662,254,1.0,158.0
0.3578200623218188,0.0,0.1054451505587243,9.71051067085726,0.001832170952179801,1.229789281171241,0.0,0.0,0.2009477216897525,255,0.8061552189591125,159.0
1.770261019063814,0.1340615339432205,0.3934726427549674,20.46888898579593,6.060843542710082e-06,4.589006093975783,0.02339519367361914,0.07572981187492771,0.1764144400561767,256,0.003321342261405125,160.0
1.718213144828912,0.0,0.2981261310343997,31.13315326111309,2.409212118692494e-08,3.476995560634848,0.0,0.0,0.04430005860354985,257,1.444187862631452e-05,161.0
0.2239287635211852,0.0,0.05800388106918125,5.491694502528961,0.01910701581567087,0.6764896330200046,0.0,0.0,0.3327204835158384,258,1.0,162.0
1.008178807970231,0.04187184878944608,0.3042050957649391,17.18330097952428,3.394068171247433e-05,3.547893516838836,0.002363286111781398,0.04153216518580347,0.1833676119568804,259,0.017581273127061703,163.0
0.5197106019849733,0.0,0.1863937474331024,16.33877351515048,5.296900921158976e-05,2.173879324520565,0.0,0.0,0.1339993647206855,260,0.027067163707122366,164.0
0.733143423465367,0.05237592586944936,0.366641312649277,12.64868809010454,0.0003758293165961879,4.276076746455256,0.004044428556422285,0.07144021782516004,0.3138065417454683,261,0.17626394948361213,165.0
0.5618856473307983,0.241012856104161,0.3577152975273254,2.425588629624258,0.1193683958148718,4.171974114305901,0.1692134073752975,0.4289357758986675,0.875042595096136,262,1.0,166.0
0.6652014168034522,0.0,0.2571271750427173,18.87235021192235,1.397638576594584e-05,2.998831545024641,0.0,0.0,0.120625419921915,263,0.007435437227483187,167.0
0.4349385005438968,0.0,0.1288572929986584,12.15024147203165,0.0004908150939434419,1.502841210722524,0.0,0.0,0.1613563017935612,264,0.22871983377764393,168.0
0.9952262652832591,0.0,0.1304103322377268,15.88537104956298,6.72968879341651e-05,1.520954049476364,0.0,0.0,0.07293992522844722,265,0.03425411595849004,169.0
0.3271039064288079,0.0,0.05287632242168273,7.221980426535538,0.007201621034750083,0.6166877679758767,0.0,0.0,0.1860309325778634,266,1.0,170.0
0.0,0.0,0.0,0.0,1.0,0.0,0.0,0.0,0.0,267,1.0,171.0
0.5582436496582385,0.0386733744218739,0.1732012566243093,8.610140184421567,0.003342965715224522,2.020017494909269,0.00397090158769739,0.069276873002586,0.3079892222706929,268,1.0,172.0
0.0,0.04695143593911295,0.03813810142824435,0.4247402593821228,0.5145811741082924,0.4447983438987648,1462.376328962006,10.0,10000.0,269,1.0,173.0
0.0,0.0,0.0,0.0,1.0,0.0,0.0,0.0,0.0,270,1.0,
0.0,0.0,0.0,0.0,1.0,0.0,0.0,0.0,0.0,271,1.0,
0.0,0.0,0.0,0.0,1.0,0.0,0.0,0.0,0.0,272,1.0,
0.0,0.0,0.0,0.0,1.0,0.0,0.0,0.0,0.0,273,1.0,
0.0,0.0,0.0,0.0,1.0,0.0,0.0,0.0,0.0,274,1.0,
0.0,0.0,0.0,0.0,1.0,0.0,0.0,0.0,0.0,275,1.0,
0.0,0.0,0.0,0.0,1.0,0.0,0.0,0.0,0.0,276,1.0,
0.0,0.0,0.0,0.0,1.0,0.0,0.0,0.0,0.0,277,1.0,
0.0,0.0,0.0,0.0,1.0,0.0,0.0,0.0,0.0,278,1.0,
0.0,0.0,0.0,0.0,1.0,0.0,0.0,0.0,0.0,279,1.0,
0.0,0.0,0.0,0.0,1.0,0.0,0.0,0.0,0.0,280,1.0,
0.0,0.0,0.0,0.0,1.0,0.0,0.0,0.0,0.0,281,1.0,
0.0,0.0,0.0,0.0,1.0,0.0,0.0,0.0,0.0,282,1.0,
0.0,0.0,0.0,0.0,1.0,0.0,0.0,0.0,0.0,283,1.0,
0.0,0.0,0.0,0.0,1.0,0.0,0.0,0.0,0.0,284,1.0,
0.0,0.0,0.0,0.0,1.0,0.0,0.0,0.0,0.0,285,1.0,
0.0,0.0,0.0,0.0,1.0,0.0,0.0,0.0,0.0,286,1.0,
0.0,0.0,0.0,0.0,1.0,0.0,0.0,0.0,0.0,287,1.0,
0.0,0.0,0.0,0.0,1.0,0.0,0.0,0.0,0.0,288,1.0,
0.0,0.0,0.0,0.0,1.0,0.0,0.0,0.0,0.0,289,1.0,
0.0,0.0,0.0,0.0,1.0,0.0,0.0,0.0,0.0,290,1.0,
0.0,0.0,0.0,0.0,1.0,0.0,0.0,0.0,0.0,291,1.0,
0.0,0.0,0.0,0.0,1.0,0.0,0.0,0.0,0.0,292,1.0,
1.807521141356024,0.2757780327444999,0.7023994622627437,16.63640203741355,4.527370946916243e-05,8.191968290756986,0.06024202557144005,0.1525725074162109,0.3118731248416696,293,0.023180139248211166,174.0
2.83089345715492,0.1175546770405036,0.7268597798641621,43.76892233656332,3.695266315162371e-11,8.47724491316093,0.01032423234173075,0.04152564510804563,0.1085803999568032,294,2.2762840501400206e-08,175.0
0.5664921073324871,0.6741640905962342,0.6293036285503177,0.1491783503948056,0.6993217958199797,7.339463720167423,0.6547024320958081,1.190067931874207,1.976261083328411,295,1.0,176.0
1.8570396019096,0.2316541513309811,0.7165972405302317,20.0818988680864,7.41955885452672e-06,8.357554621065068,0.04444589325813928,0.1247437863429354,0.2701406686362215,296,0.004036240016862536,177.0
1.243676889866559,0.08865187851584128,0.3928817273068635,16.70503310691082,4.366500060526413e-05,4.582114345229577,0.01179588979825781,0.07128208237860979,0.220911651614183,297,0.022443810311105764,178.0
0.0,0.2171507607192255,0.2134628827093045,0.08436028761489922,0.7714732017054949,2.489582154255804,6809.400682283772,10.0,10000.0,298,1.0,179.0
0.5630665326494884,0.05269568071765713,0.2542976701378515,7.782361563915998,0.005275878521135979,2.965831499175332,0.005357974464556358,0.09358695227311697,0.4156737400065752,299,1.0,180.0
1.235491481729705,0.5917576141589357,0.7988824893588029,2.644310169486602,0.1039212583671604,9.317233814197131,0.2459870327720364,0.4789653533915644,0.8340202137698379,300,1.0,181.0
0.6294612004253808,0.03960267830553812,0.1314528661704189,6.428822147248418,0.01122830153431509,1.533112949614386,0.003598572463970659,0.0629152015704466,0.2788702696414662,301,1.0,182.0
0.8116261071759439,0.08222800002799026,0.177294653188665,5.801511095764141,0.01601240747023025,2.067758099306474,0.01679449119750941,0.1013126602273834,0.314040399667774,302,1.0,183.0
1.758620689655173,0.0,0.1856628877237472,27.4319817843827,1.627178678464958e-07,2.165355429093962,0.0,0.0,0.03769769836911659,303,9.421364548312107e-05,184.0
0.3547661573063435,0.0,0.1382240715745205,9.381853956694378,0.002191438119759637,1.612084393843444,0.0,0.0,0.2452728922991125,304,0.9576584583349614,185.0
0.4617371846236112,0.1009322545695089,0.1658296118195607,2.063424531820438,0.1508707779692879,1.934043225657002,0.03643887931042698,0.21859243294816,0.6816616091171364,305,1.0,186.0
3.350938892820669,0.1973878416778615,0.8515731152452055,43.21418537542763,4.906364203804969e-11,9.931755834318052,0.02103562355418631,0.05890523461969469,0.1273477853885155,306,3.017413985340056e-08,187.0
1.352941176470589,0.0,0.3567200728140825,27.95583921774076,1.241158539277976e-07,4.160366973738338,0.0,0.0,0.06327228999825274,307,7.211131113205041e-05,188.0
1.352941176470589,0.0,0.3230936504129653,30.83854590857207,2.804123211408438e-08,3.768187593141789,0.0,0.0,0.05444210546658694,308,1.6740615572108375e-05,189.0
0.3548977975881605,0.0,0.0983499185327201,7.662908758704262,0.005636755563841356,1.147038768257483,0.0,0.0,0.2460254823250566,309,1.0,190.0
0.2610124269870663,0.0,0.06720788928683301,8.103891299104959,0.004417033043775165,0.7838344524821043,0.0,0.0,0.2223134530706304,310,1.0,191.0
0.0,0.0,0.0,0.0,1.0,0.0,0.0,0.0,0.0,311,1.0,192.0
0.9274716584778816,0.0,0.1385039725606056,18.99598080431234,1.309940885962924e-05,1.615348832564928,0.0,0.0,0.06692171069699915,312,0.0069950843310420145,193.0
0.09277792804977009,0.0,0.03118417566831219,2.5774886399597,0.1083935114276334,0.3636958625014581,0.0,0.0,0.8850118889506552,313,1.0,194.0
0.2303800132506725,0.0,0.02681695124500387,4.269761979785638,0.03879636452659529,0.3127616492560349,0.0,0.0,0.2539543241158798,314,1.0,195.0
0.8061173490019091,0.08662097068435054,0.3541717761155743,12.29395958008618,0.0004544266213726278,4.13064661250348,0.01778362369675147,0.107454542184956,0.3325685895650207,315,0.2126716588023898,196.0
0.2344623243741131,0.0,0.0616353411744946,5.296795517263618,0.02136469457451251,0.718842749202699,0.0,0.0,0.3442877677147839,316,1.0,197.0
1.758620689655173,0.0,0.5670869340557405,52.32719908724087,4.698463840213662e-13,6.613840743729781,0.0,0.0,0.03983783232225329,317,2.922444508612898e-10,198.0
1.182277728728676,0.03941836154569081,0.2479299559981794,16.24431408910982,5.567643297221814e-05,2.891565906561186,0.001902008620222345,0.03334103365719158,0.1471434763344417,318,0.02839498081583125,199.0
1.003821987127549,0.0,0.4765591584291262,22.04236477865697,2.666984426191732e-06,5.558030329272803,0.0,0.0,0.1144012316505257,319,0.001482843340962603,200.0
1.240616848286911,0.3557069461046424,0.7206932856483521,7.386659662575198,0.00657094078006959,8.405326115105026,0.120846375718241,0.2867178102536778,0.5684557384780665,320,1.0,201.0
1.967126967290626,0.03131162543589518,0.2225878924736618,24.81756466125979,6.302058338514271e-07,2.596005627875294,0.0009100719683649331,0.01591743998051203,0.07043373019524042,321,0.00035858711946146204,202.0
0.2242945958871372,0.0,0.02673485455473811,4.224215529952282,0.03985103676869262,0.3118041691901097,0.0,0.0,0.2608050661870837,322,1.0,203.0
0.2373661607898069,0.03708490349009155,0.08442875967732173,2.448964645023665,0.1176024149664143,0.984678604218298,0.008884167168546233,0.1562350057257364,0.6879285696638218,323,1.0,204.0
0.2078972075504758,0.03327542887894758,0.0751378059418125,2.451980691348524,0.1173766742710513,0.876319753619248,0.00900887823948936,0.1600571228012698,0.6981127159754601,324,1.0,205.0
0.3384216050248428,0.04277952286123439,0.1572001646329293,5.014948295234987,0.0251293797953025,1.833399416090413,0.00719828864612592,0.1264089591977854,0.5585212466308076,325,1.0,206.0
0.6808832742034463,0.0,0.2587687514485214,17.45329710952633,2.944531383330951e-05,3.017976978051996,0.0,0.0,0.129394031019781,326,0.015341008507154254,207.0
1.352941176470589,0.0,0.1998131501139495,20.13748081163919,7.20704222834101e-06,2.330387589615559,0.0,0.0,0.05777831932619536,327,0.003935045056674191,208.0
1.693183780592575,0.03762968642617037,0.4071738068652658,31.0626055409906,2.498385043292473e-08,4.748800495834304,0.00126594393507901,0.0222242185741945,0.09810374864496944,328,1.4940342558888988e-05,209.0
1.055860453954417,0.0,0.4660658747901755,26.00847260287895,3.399223030831067e-07,5.435648904663952,0.0,0.0,0.09313028500022749,329,0.00019477547966662015,210.0
0.5008538806082966,0.04394370776070436,0.2329414701657257,8.814794258655581,0.002987978999715146,2.716757685224604,0.00501126644357162,0.08773758068387907,0.3889176273232136,330,1.0,211.0
1.60077682810074,0.1480354683457104,0.6326999706840921,20.05001291272748,7.544302291773164e-06,7.379074694490797,0.02282158510701797,0.09247726837809665,0.2415977944840248,331,0.004096556144432828,212.0
1.352941176470589,0.0,0.3815802541797335,30.1590470750041,3.980260832037175e-08,4.450307140824772,0.0,0.0,0.062642920845332,332,2.3682551950621192e-05,213.0
0.9656146407338072,0.0,0.3225765727716738,21.56699861233879,3.416807708211955e-06,3.762157002475227,0.0,0.0,0.09615564332897761,333,0.001886077854932999,214.0
0.2986069997212868,0.04469683527273173,0.1533881382260114,4.150684833824627,0.04161768868856019,1.788940385116214,0.008523616165858651,0.1496844860115495,0.6619312829163145,334,1.0,215.0
1.1381980218963,0.1765875428988564,0.4459247173649675,10.98318401130769,0.000919423307272349,5.200745930172881,0.04803401084715095,0.1551465909285732,0.3636332047975732,335,0.41925702811619114,216.0
1.352941176470589,0.0,0.2809213056205781,28.74517852274022,8.255519257094335e-08,3.276338538797158,0.0,0.0,0.0510467992961395,336,4.8212232461430915e-05,217.0
0.9528259907375414,0.18882393373301,0.3965818490720799,6.749478142022951,0.009377510864259975,4.625268250950043,0.06128193939033226,0.1981725263254516,0.4631418886826693,337,1.0,218.0
2.110002322114131,0.156073149647367,0.4039149311454518,17.21026412924815,3.346235249546137e-05,4.710792769469833,0.02292570198852054,0.07396823596430382,0.1732344847012607,338,0.01736696094514445,219.0
3.771527280269791,0.0,0.4944617098409725,56.77324838796288,4.89608353859694e-14,5.766824813563896,0.0,0.0,0.01947554024176446,339,3.060052211623087e-11,220.0
1.40705573169736,0.07678335308942329,0.2621345966484908,14.58889097299887,0.0001337004114976281,3.057232271700602,0.00901720251148172,0.05457022871211931,0.1686553901673928,340,0.0656469020453354,221.0
1.437893473951032,0.1576404606633056,0.6802132539428503,18.7505439040826,1.489808608623466e-05,7.933214227274074,0.02713375359756057,0.1096329203234663,0.2858597167097668,341,0.007910883711790604,222.0
1.352941176470589,0.0,0.4468186850448107,29.58876545024023,5.341362929733862e-08,5.211172126774236,0.0,0.0,0.06402014163794517,342,3.156745491472713e-05,223.0
0.0,0.0,0.0,0.0,1.0,0.0,0.0,0.0,0.0,343,1.0,
0.0,0.0,0.0,0.0,1.0,0.0,0.0,0.0,0.0,344,1.0,
0.0,0.0,0.0,0.0,1.0,0.0,0.0,0.0,0.0,345,1.0,
0.0,0.0,0.0,0.0,1.0,0.0,0.0,0.0,0.0,346,1.0,
0.2304519218840705,0.08465859483370654,0.1234137821750563,0.9544660747797025,0.3285850958202603,1.439354447914241,0.06083158466915099,0.3673590315132815,1.13711768150179,347,1.0,224.0
0.9136051203887026,0.0,0.1362749237304229,18.55834337626622,1.647823851658181e-05,1.58935180620534,0.0,0.0,0.06790188899239423,348,0.008700509936755196,225.0
2.538244030289188,0.1322689666383965,0.7949747244864068,37.65423995095378,8.446289223584813e-10,9.271658201398003,0.01295068768573829,0.05211042163795686,0.1363831322041314,349,5.143790137163151e-07,226.0
1.352941176470589,0.0,0.3924268191006086,28.88169302716773,7.693664949570689e-08,4.576808826360242,0.0,0.0,0.06068982744656516,350,4.500793995498853e-05,227.0
0.4699513808691102,0.0,0.1726180282306028,11.93467037512009,0.0005509887575774197,2.013215399002017,0.0,0.0,0.185947187131691,351,0.25620977227350017,228.0
0.9747121455956997,0.0,0.1136455357483197,16.76191973856447,4.23752209965933e-05,1.325429011914699,0.0,0.0,0.06394721610593838,352,0.02182323881324555,229.0
0.8837197688034082,0.0,0.116622269722153,15.87363634720564,6.771546359829461e-05,1.360146165947115,0.0,0.0,0.07351416155700054,353,0.03436785252944796,230.0
2.457451859667634,0.0,0.3970282218257876,55.31607896759508,1.025846074753645e-13,4.630474222253683,0.0,0.0,0.02439429039050424,354,6.401279506462745e-11,231.0
1.629011553273428,0.0,0.2003355067975814,24.01324302058127,9.567537114785196e-07,2.336479748876319,0.0,0.0,0.04557894502044207,355,0.0005386523395624065,232.0
0.8438603504944711,0.0,0.3417609120848029,19.37187201002256,1.075799805871913e-05,3.985900766210468,0.0,0.0,0.1203025036063341,356,0.005777044957532173,233.0
1.841662060761633,0.1385192988921273,0.6075746437564237,23.36560973305279,1.339520502074976e-06,7.086042178743556,0.01871618777211571,0.07521428705266463,0.197433103767115,357,0.0007501314811619866,234.0
1.664418483001157,0.04474772549281586,0.4676569212261368,27.61967034186296,1.47669407812856e-07,5.454205015043835,0.001537357140774873,0.02688490061233282,0.1193074950005827,358,8.564825653145648e-05,235.0
1.710174919522046,0.1126328951217753,0.4571986105547776,23.35129922633823,1.349523267690778e-06,5.332231474348538,0.01637563776306361,0.06586045312444036,0.1716002020670335,359,0.0007543835066391449,236.0
1.962962962962964,0.0,0.5975874146080741,41.6590367880558,1.086619683121626e-10,6.969562783625226,0.0,0.0,0.04491321307870718,360,6.639246263873134e-08,237.0
2.80952380952381,0.0,0.413742256258796,43.8731857075496,3.503564105500345e-11,4.825407230380911,0.0,0.0,0.02787272487130826,361,2.161699053093713e-08,238.0
1.962962962962964,0.0,0.5398790226139645,44.44665634123754,2.613831373565745e-11,6.29651939062006,0.0,0.0,0.0418288712179073,362,1.6179616202371964e-08,239.0
1.227834579954473,0.04420760184683185,0.4786185337259398,24.84588712218155,6.210140295337396e-07,5.582048481388007,0.002059622852563081,0.03600452582828464,0.1596393561965573,363,0.0003539779968342316,240.0
1.014437387860786,0.05350309269936749,0.4439341387590321,16.69851800082154,4.381521307017522e-05,5.177530142439287,0.003018348239590788,0.05274164116939059,0.2344162509118543,364,0.022477204304999887,241.0
1.352941176470589,0.0,0.2386828459388104,24.5126683361645,7.382286028034812e-07,2.783718397476457,0.0,0.0,0.05827554823122162,365,0.00041857561778957386,242.0
0.0,0.0,0.0,0.0,1.0,0.0,0.0,0.0,0.0,366,1.0,
0.0,0.0,0.0,0.0,1.0,0.0,0.0,0.0,0.0,367,1.0,
0.0,0.0,0.0,0.0,1.0,0.0,0.0,0.0,0.0,368,1.0,
0.0,0.0,0.0,0.0,1.0,0.0,0.0,0.0,0.0,369,1.0,
0.0,0.0,0.0,0.0,1.0,0.0,0.0,0.0,0.0,370,1.0,
0.0,0.0,0.0,0.0,1.0,0.0,0.0,0.0,0.0,371,1.0,
0.0,0.0,0.0,0.0,1.0,0.0,0.0,0.0,0.0,372,1.0,
0.0,0.0,0.0,0.0,1.0,0.0,0.0,0.0,0.0,373,1.0,
0.0,5.808109839500104,4.466850513844578,0.5128709822714352,0.4738986640558273,52.09613579584204,1465.004029964089,10.0,10000.0,374,1.0,
0.0,0.0,0.0,0.0,1.0,0.0,0.0,0.0,0.0,375,1.0,
0.0,0.0,0.0,0.0,1.0,0.0,0.0,0.0,0.0,376,1.0,
0.0,0.0,0.0,0.0,1.0,0.0,0.0,0.0,0.0,377,1.0,
0.0,0.0,0.0,0.0,1.0,0.0,0.0,0.0,0.0,378,1.0,
0.0,0.0,0.0,0.0,1.0,0.0,0.0,0.0,0.0,379,1.0,
237.6440677966186,0.0,2.992334929031279,3.506884131726968,0.0611142930386539,34.89910538225793,0.0,0.0,0.03320999017044005,380,1.0,
0.0,0.0,0.0,0.0,1.0,0.0,0.0,0.0,0.0,381,1.0,
0.0,33.88623963598799,4999.49999999917,1.078494593771548,0.2990345699201541,58308.33830324402,3827.527957887113,10.0,10000.0,382,1.0,
0.0,0.0,0.0,0.0,1.0,0.0,0.0,0.0,0.0,383,1.0,
0.0,0.0,0.0,0.0,1.0,0.0,0.0,0.0,0.0,384,1.0,
0.0,4.21693833936266,3.398118744328049,0.4201464090036762,0.5168639981041858,39.63169463724524,1464.995635119555,10.0,10000.0,385,1.0,
0.0,0.0,0.0,0.0,1.0,0.0,0.0,0.0,0.0,386,1.0,
0.0,0.0,0.0,0.0,1.0,0.0,0.0,0.0,0.0,387,1.0,
0.0,0.0,0.0,0.0,1.0,0.0,0.0,0.0,0.0,388,1.0,
0.0,0.0,0.0,0.0,1.0,0.0,0.0,0.0,0.0,389,1.0,
0.0,0.0,0.0,0.0,1.0,0.0,0.0,0.0,0.0,390,1.0,
0.0,0.0,0.0,0.0,1.0,0.0,0.0,0.0,0.0,391,1.0,
0.0,0.0,0.0,0.0,1.0,0.0,0.0,0.0,0.0,392,1.0,
0.0,0.0,0.0,0.0,1.0,0.0,0.0,0.0,0.0,393,1.0,
0.0,0.0,0.0,0.0,1.0,0.0,0.0,0.0,0.0,394,1.0,
0.0,0.0,0.0,0.0,1.0,0.0,0.0,0.0,0.0,395,1.0,
0.0,5.136521114891282,3.405888650495847,0.8473433429150248,0.3573049811917062,39.72231376264109,1465.003698952499,10.0,10000.0,396,1.0,
0.0,0.0,0.0,0.0,1.0,0.0,0.0,0.0,0.0,397,1.0,
0.0,0.0,0.0,0.0,1.0,0.0,0.0,0.0,0.0,398,1.0,
0.0,11.40802828612381,7.3270697545989,0.7950502680546787,0.3725773907076245,85.45439784432259,1465.01342186557,10.0,10000.0,399,1.0,
0.0,0.0,0.0,0.0,1.0,0.0,0.0,0.0,0.0,400,1.0,
0.0,0.0,0.0,0.0,1.0,0.0,0.0,0.0,0.0,401,1.0,
0.0,0.0,0.0,0.0,1.0,0.0,0.0,0.0,0.0,402,1.0,
0.0,0.0,0.0,0.0,1.0,0.0,0.0,0.0,0.0,403,1.0,
0.0,0.0,0.0,0.0,1.0,0.0,0.0,0.0,0.0,404,1.0,
0.0,0.0,0.0,0.0,1.0,0.0,0.0,0.0,0.0,405,1.0,
0.0,0.0,0.0,0.0,1.0,0.0,0.0,0.0,0.0,406,1.0,
0.0,0.0,0.0,0.0,1.0,0.0,0.0,0.0,0.0,407,1.0,
0.0,0.0,0.0,0.0,1.0,0.0,0.0,0.0,0.0,408,1.0,
0.0,9.651771407983809,6.971029204266999,0.4561644859432068,0.4994219824982805,81.3019560284552,1465.00853059542,10.0,10000.0,409,1.0,
0.0,0.0,0.0,0.0,1.0,0.0,0.0,0.0,0.0,410,1.0,
0.0,0.0,0.0,0.0,1.0,0.0,0.0,0.0,0.0,411,1.0,
0.0,0.0,0.0,0.0,1.0,0.0,0.0,0.0,0.0,412,1.0,
0.0,0.0,0.0,0.0,1.0,0.0,0.0,0.0,0.0,413,1.0,
0.0,0.0,0.0,0.0,1.0,0.0,0.0,0.0,0.0,414,1.0,
0.0,0.0,0.0,0.0,1.0,0.0,0.0,0.0,0.0,415,1.0,
0.0,0.0,0.0,0.0,1.0,0.0,0.0,0.0,0.0,416,1.0,
0.0,0.0,0.0,0.0,1.0,0.0,0.0,0.0,0.0,417,1.0,
0.0,0.0,0.0,0.0,1.0,0.0,0.0,0.0,0.0,418,1.0,
0.0,0.0,0.0,0.0,1.0,0.0,0.0,0.0,0.0,419,1.0,
0.0,0.0,0.0,0.0,1.0,0.0,0.0,0.0,0.0,420,1.0,
0.0,0.0,0.0,0.0,1.0,0.0,0.0,0.0,0.0,421,1.0,
0.0,0.0,0.0,0.0,1.0,0.0,0.0,0.0,0.0,422,1.0,
0.0,0.0,0.0,0.0,1.0,0.0,0.0,0.0,0.0,423,1.0,
0.0,0.0,0.0,0.0,1.0,0.0,0.0,0.0,0.0,424,1.0,
0.0,0.0,0.0,0.0,1.0,0.0,0.0,0.0,0.0,425,1.0,
0.0,0.0,0.0,0.0,1.0,0.0,0.0,0.0,0.0,426,1.0,
0.0,0.0,0.0,0.0,1.0,0.0,0.0,0.0,0.0,427,1.0,
0.0,0.0,0.0,0.0,1.0,0.0,0.0,0.0,0.0,428,1.0,
0.0,0.0,0.0,0.0,1.0,0.0,0.0,0.0,0.0,429,1.0,
0.0,5.94983315423341,4.095805567046397,0.6957178681761267,0.4042263043894631,47.76870019555779,1465.003889065001,10.0,10000.0,430,1.0,
0.0,0.0,0.0,0.0,1.0,0.0,0.0,0.0,0.0,431,1.0,
0.0,0.0,0.0,0.0,1.0,0.0,0.0,0.0,0.0,432,1.0,
0.0,0.0,0.0,0.0,1.0,0.0,0.0,0.0,0.0,433,1.0,
0.0,0.0,0.0,0.0,1.0,0.0,0.0,0.0,0.0,434,1.0,
0.0,0.0,0.0,0.0,1.0,0.0,0.0,0.0,0.0,435,1.0,
0.0,0.0,0.0,0.0,1.0,0.0,0.0,0.0,0.0,436,1.0,
11.7536231884058,0.0,3.319019785833551,2.257054015484375,0.1330068715617344,38.70917661917699,0.0,0.0,1.098186968858116,437,1.0,
0.0,0.0,0.0,0.0,1.0,0.0,0.0,0.0,0.0,438,1.0,
0.0,0.0,0.0,0.0,1.0,0.0,0.0,0.0,0.0,439,1.0,
0.0,0.0,0.0,0.0,1.0,0.0,0.0,0.0,0.0,440,1.0,
0.0,0.0,0.0,0.0,1.0,0.0,0.0,0.0,0.0,441,1.0,
937.6666666667378,0.0,3.710515790935832,4.065547247182385,0.04376650142733385,43.27512951644194,0.0,0.0,0.01067439236176468,442,1.0,
0.0,34.13061873442614,4999.49999999917,0.9005257933179216,0.3426407658174793,58308.33830324402,3827.521079500564,10.0,10000.0,443,1.0,
0.0,0.0,0.0,0.0,1.0,0.0,0.0,0.0,0.0,444,1.0,
0.0,0.0,0.0,0.0,1.0,0.0,0.0,0.0,0.0,445,1.0,
0.0,0.0,0.0,0.0,1.0,0.0,0.0,0.0,0.0,446,1.0,
0.0,0.0,0.0,0.0,1.0,0.0,0.0,0.0,0.0,447,1.0,
0.0,0.0,0.0,0.0,1.0,0.0,0.0,0.0,0.0,448,1.0,
0.0,0.0,0.0,0.0,1.0,0.0,0.0,0.0,0.0,449,1.0,
394.8024160052693,6.116868284695373,6.135481637859571,0.2098237617012089,0.6469055728620077,71.5571035090943,0.0007805880725566555,0.01549349253377855,10000.0,450,1.0,
0.0,0.0,0.0,0.0,1.0,0.0,0.0,0.0,0.0,451,1.0,
0.0,0.0,0.0,0.0,1.0,0.0,0.0,0.0,0.0,452,1.0,
0.0,0.0,0.0,0.0,1.0,0.0,0.0,0.0,0.0,453,1.0,
0.0,0.0,0.0,0.0,1.0,0.0,0.0,0.0,0.0,454,1.0,
0.0,0.0,0.0,0.0,1.0,0.0,0.0,0.0,0.0,455,1.0,
0.0,0.0,0.0,0.0,1.0,0.0,0.0,0.0,0.0,456,1.0,
0.0,7.494987901831979,4.895522272744165,0.6154123487490999,0.4327572125386666,57.09566333638968,1465.004085048058,10.0,10000.0,457,1.0,
0.0,0.0,0.0,0.0,1.0,0.0,0.0,0.0,0.0,458,1.0,
0.0,0.0,0.0,0.0,1.0,0.0,0.0,0.0,0.0,459,1.0,
0.0,0.0,0.0,0.0,1.0,0.0,0.0,0.0,0.0,460,1.0,
0.0,0.0,0.0,0.0,1.0,0.0,0.0,0.0,0.0,461,1.0,
0.0,0.0,0.0,0.0,1.0,0.0,0.0,0.0,0.0,462,1.0,
0.0,0.0,0.0,0.0,1.0,0.0,0.0,0.0,0.0,463,1.0,
0.0,0.0,0.0,0.0,1.0,0.0,0.0,0.0,0.0,464,1.0,
0.0,0.0,0.0,0.0,1.0,0.0,0.0,0.0,0.0,465,1.0,
0.0,0.0,0.0,0.0,1.0,0.0,0.0,0.0,0.0,466,1.0,
0.0,0.0,0.0,0.0,1.0,0.0,0.0,0.0,0.0,467,1.0,
0.0,0.0,0.0,0.0,1.0,0.0,0.0,0.0,0.0,468,1.0,
0.0,0.0,0.0,0.0,1.0,0.0,0.0,0.0,0.0,469,1.0,
0.0,0.0,0.0,0.0,1.0,0.0,0.0,0.0,0.0,470,1.0,
0.0,0.0,0.0,0.0,1.0,0.0,0.0,0.0,0.0,471,1.0,
0.0,0.0,0.0,0.0,1.0,0.0,0.0,0.0,0.0,472,1.0,
0.0,0.0,0.0,0.0,1.0,0.0,0.0,0.0,0.0,473,1.0,
0.0,0.0,0.0,0.0,1.0,0.0,0.0,0.0,0.0,474,1.0,
0.0,0.0,0.0,0.0,1.0,0.0,0.0,0.0,0.0,475,1.0,
0.0,0.0,0.0,0.0,1.0,0.0,0.0,0.0,0.0,476,1.0,
13.82105263157904,0.0,3.683704337198726,2.300949119786331,0.1292949709634897,42.96243198370763,0.0,0.0,1.137874143345327,477,1.0,
0.0,0.0,0.0,0.0,1.0,0.0,0.0,0.0,0.0,478,1.0,
0.0,0.0,0.0,0.0,1.0,0.0,0.0,0.0,0.0,479,1.0,
0.0,9.381666490653645,3.864235320188083,1.38251515683363,0.2396731889095266,45.06793486006773,1465.010716702596,10.0,10000.0,480,1.0,
0.0,6.102409067304878,4.368148789693622,0.681544881616011,0.4090552568755879,50.94499397707848,1465.006472691151,10.0,10000.0,481,1.0,
9.70409234465321,0.0,2.854646013811072,2.281143973758599,0.1309552499051482,33.29326242810893,0.0,0.0,0.9549402000931391,482,1.0,
0.9047619047619047,3.137931034482758,2.762352949482336,0.260111454486081,0.6100435944586011,32.21686374465581,0.2002840085720795,3.468239564428312,22.74951227831402,483,1.0,
0.0,0.0,0.0,0.0,1.0,0.0,0.0,0.0,0.0,484,1.0,
0.0,0.0,0.0,0.0,1.0,0.0,0.0,0.0,0.0,485,1.0,
0.0,0.0,0.0,0.0,1.0,0.0,0.0,0.0,0.0,486,1.0,
0.0,0.0,0.0,0.0,1.0,0.0,0.0,0.0,0.0,487,1.0,
0.0,33.16829851212498,20.07035711120022,2.677359109794747,0.1017843962006983,234.0772421856139,3827.516080980647,10.0,10000.0,488,1.0,
0.0,4.326022766059987,3.063347780591917,0.6291359680443769,0.4276724237288937,35.72731647790277,1464.994988655583,10.0,10000.0,489,1.0,
0.0,0.0,0.0,0.0,1.0,0.0,0.0,0.0,0.0,490,1.0,
0.0,0.0,0.0,0.0,1.0,0.0,0.0,0.0,0.0,491,1.0,
0.0,0.0,0.0,0.0,1.0,0.0,0.0,0.0,0.0,492,1.0,
1.088300529376187,0.04137850300937339,0.2078817399327378,12.93819983833527,0.0003219444531682436,2.4244902128347,0.002163029704371976,0.03802121003569806,0.1678445633249996,493,0.1529236152549157,243.0
0.5605421756132617,0.04447061775445615,0.1913282234988885,7.718843333232343,0.005464739685588693,2.231429299476693,0.004534491898065289,0.07933500758583067,0.3519713271600964,494,1.0,244.0
0.241993659836137,0.0,0.06633242990208682,5.160343817278601,0.02310832235388138,0.7736241150530534,0.0,0.0,0.3637044552407185,495,1.0,245.0
1.592024130650672,0.1219070157622214,0.3419223715249293,14.46903060741634,0.000142482938605859,3.987783840849361,0.01893710532610045,0.07657359798459658,0.1991349310691377,496,0.06967415697826505,246.0
0.8068927488282348,0.0,0.3265659169726648,17.59988181036485,2.726052885504426e-05,3.808684061437024,0.0,0.0,0.1324575456914865,497,0.014284517120043192,247.0
0.7917689860347852,0.0,0.2304461327711257,16.94790237646957,3.841974739782206e-05,2.687654979557019,0.0,0.0,0.1133351922662886,498,0.019863009404674004,248.0
1.092877193688032,0.09194709118535388,0.3673148175205692,13.73165829993974,0.000210869913366496,4.283931721929642,0.01397490340824996,0.08413304963851288,0.2617082599349575,499,0.10163929824265107,249.0
0.6742349982912795,0.03742966710671073,0.1962527753553427,11.31839725376221,0.00076742924924178,2.288863530027358,0.003169985910281366,0.05551427499546761,0.2454395330843115,500,0.35071516690349347,250.0
0.4566351485799072,0.0,0.1901085450788211,10.37433952322162,0.001277788506563793,2.217204392598311,0.0,0.0,0.2301486384663447,501,0.5737270394471431,251.0
0.7612973429307703,0.1306265171000686,0.2013575719289117,4.265139111746507,0.03890206388713402,2.348399924783025,0.05311452142196132,0.171584096953754,0.4001663636158717,502,1.0,252.0
0.0,0.0,0.0,0.0,1.0,0.0,0.0,0.0,0.0,503,1.0,253.0
1.352941176470589,0.0,0.1809775980086607,24.18074386140499,8.770482476938568e-07,2.110711673167165,0.0,0.0,0.04929440543149562,504,0.0004955322599470291,254.0
0.4840359171519347,0.0,0.06832750795839534,7.718913497613883,0.005464527304170685,0.7968923791291881,0.0,0.0,0.1589899845987994,505,1.0,255.0
2.345448605382448,0.0,0.3108459276789981,41.83237658149915,9.944300938258266e-11,3.625344436702822,0.0,0.0,0.02712724164340191,506,6.085912174214059e-08,256.0
0.0,0.0,0.0,0.0,1.0,0.0,0.0,0.0,0.0,507,1.0,257.0
2.470313348071858,0.0,0.5261207742593892,53.14608226512408,3.096412015679562e-13,6.136059224699717,0.0,0.0,0.02913178985530259,508,1.9290646857683671e-10,258.0
1.962962962962964,0.0,0.4737863815607448,40.94961065412261,1.562051599179881e-10,5.52569189309298,0.0,0.0,0.04128131164880091,509,9.528514754997275e-08,259.0
1.778503230620517,0.0,0.4486966028220242,34.21875413824344,4.925201246841482e-09,5.233073969970446,0.0,0.0,0.05043802850639388,510,2.9895971568327795e-06,260.0
1.352941176470589,0.0,0.3997559180790975,29.22765093792086,6.43542352740667e-08,4.66228689070583,0.0,0.0,0.0663262844632374,511,3.7904644576425284e-05,261.0
0.8156141542881421,0.0,0.3246571525592621,17.87318995450737,2.361242163206878e-05,3.786422459045207,0.0,0.0,0.1290672011716188,512,0.012443746200100247,262.0
1.713471454589588,0.0,0.2077785761272602,24.09104610759838,9.188655994973871e-07,2.423287030502379,0.0,0.0,0.04489417644025967,513,0.0005182401981165263,263.0
1.012578616352203,0.0,0.1370171382674504,15.51533232851766,8.18387552683486e-05,1.598008131101547,0.0,0.0,0.0759871912245434,514,0.04116489389997935,264.0
0.8280664660152487,0.0,0.0887515995154909,13.12818319059134,0.0002908867128188497,1.035095167417568,0.0,0.0,0.07738582651263827,515,0.13846207530177246,265.0
0.5287610774294546,0.0,0.1397089338940787,13.15809213391452,0.0002862802214763649,1.62940209650622,0.0,0.0,0.1385069018731306,516,0.13684194586570242,266.0
1.362514601298512,0.6498303814869036,0.8826328177769627,2.974351277080615,0.08459403544814004,10.29399998729737,0.2525816623944065,0.4769346184382892,0.8097256680581523,517,1.0,267.0
0.2131309725996724,0.0,0.0350615490508405,3.584719775342567,0.0583132508856512,0.4089170244009465,0.0,0.0,0.3798805014324622,518,1.0,268.0
0.7290771272455776,0.0,0.196382668053289,15.45226799109065,8.461534159820427e-05,2.290378446994049,0.0,0.0,0.1189835974999689,519,0.04239228614070034,269.0
0.4837632385494093,0.0,0.05512741066621069,8.5572573745239,0.00344147495366609,0.6429418363651985,0.0,0.0,0.1242747223808976,520,1.0,270.0
0.8768328445747819,0.0,0.1406317913893402,14.35840502152208,0.0001511036365827723,1.640165230227473,0.0,0.0,0.09231176243987618,521,0.0735874710158101,271.0
1.352941176470589,0.0,0.3326501026635565,25.90393576440678,3.588367731843789e-07,3.87964290883463,0.0,0.0,0.06466411599979725,522,0.00020525463426146473,272.0
3.971504128598781,0.1425671981041327,1.019170983587413,51.15949099809819,8.515410598874951e-13,11.88642194216916,0.00886991034989177,0.03589753239270406,0.09356867795330055,523,5.288069981901344e-10,273.0
0.7381456614652624,0.0,0.1937839963734828,15.82230292920812,6.957752551994822e-05,2.260070570717377,0.0,0.0,0.1143234304861979,524,0.0352062279130938,274.0
0.8286938857512798,0.0,0.2319861735083837,17.59104637572629,2.738747851349643e-05,2.705616218942725,0.0,0.0,0.1069094625162051,525,0.014323651262558633,275.0
0.2131309725996724,0.0,0.04002516436063273,3.322744008751563,0.06832769633688207,0.4668068455211735,0.0,0.0,0.4460782964617829,526,1.0,276.0
1.105263157894737,0.0,0.166996900760758,21.76826346311631,3.076472164909028e-06,1.947657122742906,0.0,0.0,0.05784846164164002,527,0.0017043655793596015,277.0
1.352941176470589,0.0,0.4031653086137037,28.0410331364957,1.187701621496728e-07,4.702050046361339,0.0,0.0,0.0682532997077614,528,6.912423437110957e-05,278.0
0.2274291151070644,0.0,0.09568471265086621,5.144822646643782,0.0233157919371999,1.115954914630729,0.0,0.0,0.4683566102038365,529,1.0,279.0
0.8022566708742073,0.0,0.269008149792491,17.25515786752875,3.268091606456469e-05,3.137397380624645,0.0,0.0,0.1202018570059729,530,0.01699407635357364,280.0
0.0,0.0,0.0,0.0,1.0,0.0,0.0,0.0,0.0,531,1.0,
0.0,0.0,0.0,0.0,1.0,0.0,0.0,0.0,0.0,532,1.0,
0.0,0.0,0.0,0.0,1.0,0.0,0.0,0.0,0.0,533,1.0,
0.0,0.0,0.0,0.0,1.0,0.0,0.0,0.0,0.0,534,1.0,
1.100483616448116,0.3232623805118802,0.5866291450435888,5.547488507488595,0.01850722385629178,6.84175830538055,0.1160582115102569,0.2937457456706452,0.6022211134628385,535,1.0,281.0
0.5432044850829982,0.4125913996592299,0.4454535744227354,0.1910970927422682,0.6620050811575537,5.195251068273716,0.3635219359660085,0.7595507971481282,1.383590529214784,536,1.0,282.0
0.0,0.0,0.0,0.0,1.0,0.0,0.0,0.0,0.0,537,1.0,
1.252932359776137,0.44428560724376,0.7208175417104437,5.019636707567997,0.02506142656879673,8.40677529292374,0.1584210070070153,0.354596641851553,0.6632126473615478,538,1.0,283.0
1.825495139880838,0.7775440664632935,0.9938982738984015,3.823955969338812,0.05052481542439302,11.59167052575016,0.2512001646920383,0.4259359827789237,0.6710288191262239,539,1.0,284.0
3.48466073857654,0.8167323679570957,1.484331497618516,16.84084777562299,4.064888013144419e-05,17.31151177464059,0.1358642989389952,0.2343793066899033,0.3752348893287651,540,0.0209748221478252,285.0
0.0,0.0,0.0,0.0,1.0,0.0,0.0,0.0,0.0,541,1.0,
0.0,0.0,0.0,0.0,1.0,0.0,0.0,0.0,0.0,542,1.0,
0.0,0.0,0.0,0.0,1.0,0.0,0.0,0.0,0.0,543,1.0,
0.0,0.0,0.0,0.0,1.0,0.0,0.0,0.0,0.0,544,1.0,
0.0,0.0,0.0,0.0,1.0,0.0,0.0,0.0,0.0,545,1.0,
0.0,0.0,0.0,0.0,1.0,0.0,0.0,0.0,0.0,546,1.0,
0.0,0.0,0.0,0.0,1.0,0.0,0.0,0.0,0.0,547,1.0,
0.0,0.0,0.0,0.0,1.0,0.0,0.0,0.0,0.0,548,1.0,
0.0,0.0,0.0,0.0,1.0,0.0,0.0,0.0,0.0,549,1.0,
0.0,0.0,0.0,0.0,1.0,0.0,0.0,0.0,0.0,550,1.0,
4.356079399079705,0.9127313668879347,1.7242349612331,20.60848342390199,5.634587870506635e-06,20.10946603337877,0.1210316222263614,0.2095304706982073,0.3345412970913978,551,0.0030933887409081424,286.0
1.691560707781673,0.3152882976780708,0.6871026832312841,11.49958843650842,0.0006961160171908842,8.013564497034318,0.07383937725469238,0.1863889934470886,0.3817586171341341,552,0.318821135873425,287.0
1.231592623354715,0.6865051304769323,0.836785242155707,1.611793992164593,0.2042398054203299,9.759287326089616,0.3040057245366796,0.5574125059363967,0.9314290782937986,553,1.0,288.0
0.7753613618616695,1.084661541905519,1.022003084669987,0.3024672435900015,0.5823397990755228,11.91945226680797,0.8334466265604596,1.398911004929635,2.198352208793898,554,1.0,289.0
0.0,0.0,0.0,0.0,1.0,0.0,0.0,0.0,0.0,555,1.0,
0.0,0.0,0.0,0.0,1.0,0.0,0.0,0.0,0.0,556,1.0,
0.0,0.0,0.0,0.0,1.0,0.0,0.0,0.0,0.0,557,1.0,
1.602375000744547,0.4571021855087599,0.8461418664143882,7.471154391641221,0.006269533799976634,9.868412081095437,0.1287915444860331,0.2852654249450762,0.542785998659708,558,1.0,290.0
4.547682732812447,0.6173054969662845,1.550932919537003,29.11213647135321,6.83077356899986e-08,18.08827309891319,0.06967367178571926,0.1357406690911617,0.2362304394210864,559,4.0164948585719173e-05,291.0
0.0,0.0,0.0,0.0,1.0,0.0,0.0,0.0,0.0,560,1.0,
0.8993324102910245,0.4282070127957513,0.5072992066228541,1.244745807307339,0.2645583775336197,5.916546406788195,0.2271077228129939,0.4761387534751286,0.8704761127256381,561,1.0,292.0
2.878577464635993,1.35284025095547,1.712238299497389,4.709839210576604,0.02999045647002785,19.96955095967229,0.3071947768130231,0.4699683324751319,0.6888415692319134,562,1.0,293.0
0.3820200672134004,0.2306235269951711,0.2704163177313851,0.440268380948055,0.506992947793516,3.153820609461295,0.2154402140851885,0.6036947971802287,1.308231728490652,563,1.0,294.0
1.799951848858153,0.2706440632741697,0.4431665486296323,10.47671448066396,0.001208885498255929,5.168577866223011,0.06841537373393838,0.1503618352045695,0.2813429268339374,564,0.5447034357417347,295.0
2.190478792146721,0.1427921802738783,0.6372958782682239,25.68366293050505,4.022176642859421e-07,7.432676001466704,0.0161419317149379,0.06518765704822853,0.1701225673325333,565,0.00022966628630727293,296.0
1.578866143552626,0.3454492978807726,0.515118490454259,6.184669816147704,0.01288617457504526,6.007741415675227,0.09954075159457408,0.2187958107097495,0.4122504302676503,566,1.0,297.0
0.9073866884626114,0.1849392373063147,0.3735881369091473,6.505060545681829,0.01075679012034247,4.357096404236589,0.06296868702389195,0.2038152417903087,0.4769637307832904,567,1.0,298.0
0.0,0.0,0.0,0.0,1.0,0.0,0.0,0.0,0.0,568,1.0,
0.0,0.0,0.0,0.0,1.0,0.0,0.0,0.0,0.0,569,1.0,
0.0,0.0,0.0,0.0,1.0,0.0,0.0,0.0,0.0,570,1.0,
1.962962962962964,0.0,0.5944902858691956,2.407524349742665,0.1207531960397878,6.933441485440357,0.0,0.0,0.8546690441664789,571,1.0,
2.371470902954977,0.0,0.6169578075910862,2.592545703255222,0.1073676432490069,7.195476460416995,0.0,0.0,0.707473213653878,572,1.0,
0.0,0.0,0.0,0.0,1.0,0.0,0.0,0.0,0.0,573,1.0,
0.0,2.072537694096468,1.248209129825586,1.999151942230537,0.1573872438994645,14.5576558085969,3827.416332122006,10.0,10000.0,574,1.0,
0.0,0.0,0.0,0.0,1.0,0.0,0.0,0.0,0.0,575,1.0,
0.0,0.0,0.0,0.0,1.0,0.0,0.0,0.0,0.0,576,1.0,
5.373539541041172,0.9480966932781972,2.132359613632309,1.972521840009158,0.1601804371896546,24.86935608278189,0.009800651593973992,0.1764380230269032,0.853570324023795,577,1.0,
10000.0,0.911915418355285,2.654823559940358,7.686789693770159,0.005562648856606733,30.96276633032318,5.318231951056469e-06,9.11915418355285e-05,0.0004193110677912602,578,1.0,
2.80952380952381,0.0,0.6354772489012505,2.742127574059644,0.09773456394893221,7.41146562915393,0.0,0.0,0.6005135074708577,579,1.0,
1.77718456462612,0.4345039245486818,0.7787006982456438,9.63707518011239,0.001906886408366892,9.08185693575095,0.1167464524853958,0.244490039581281,0.4463532893819488,580,0.8371231332730655,299.0
1.647247968743218,0.649074532049252,0.9267176578152682,4.888066871271377,0.02704294969719734,10.80815415611393,0.2148914246957326,0.3940357155483209,0.6579461798890709,581,1.0,300.0
1.902008396453275,0.1860839397380619,0.665512764283844,22.0153254282304,2.704820942889263e-06,7.761764857484929,0.03021902082667813,0.09783549856302291,0.2287328315805851,582,0.001501175623303541,301.0
0.0,0.0,0.0,0.0,1.0,0.0,0.0,0.0,0.0,583,1.0,
0.0,0.0,0.0,0.0,1.0,0.0,0.0,0.0,0.0,584,1.0,
0.0,0.0,0.0,0.0,1.0,0.0,0.0,0.0,0.0,585,1.0,
0.0,0.0,0.0,0.0,1.0,0.0,0.0,0.0,0.0,586,1.0,
2.603835650039439,0.2464520704557618,0.8479117860945875,26.56413434536981,2.549327313694505e-07,9.889054360419903,0.03374312080168012,0.0946496260054005,0.2048779991355762,587,0.00014658632053743403,302.0
0.8813377288436165,0.4365059036775587,0.5604477292757675,1.75366041327797,0.1854172284540339,6.536408800860444,0.2364566605564336,0.4952765431366343,0.9057426952897146,588,1.0,303.0
0.6069375438533057,0.0,0.163292428176451,12.91553991223255,0.0003258653955725554,1.904452474141867,0.0,0.0,0.1425069431977742,589,0.15362748973296103,304.0
2.297641091699541,0.0,0.5447634747819122,42.04042717546326,8.9405816083854e-11,6.353485945162467,0.0,0.0,0.0380526712077373,590,5.4805765259402506e-08,305.0
0.8971540229053226,0.0,0.1389517593972167,14.61456314305024,0.0001318913671158883,1.620571296082652,0.0,0.0,0.08861360654174796,591,0.06502244398813294,306.0
0.4592742125434547,0.03411115654969839,0.08375657160169897,3.661480142805026,0.05568414392727128,0.9768389863131426,0.004226005898358756,0.07427187422692696,0.324124628453843,592,1.0,307.0
0.3561916190017326,0.08745741621194465,0.159887582041648,2.345970459192799,0.1256073169075175,1.864742319066635,0.0408841747517969,0.2455347390178746,0.7649690361504163,593,1.0,308.0
0.2376503675959464,0.03776368018845443,0.08560281716522905,2.419245578678463,0.1198526384652855,0.9983714417405238,0.009017959213200191,0.1589043626166836,0.6988474371461939,594,1.0,309.0
0.2127393055798844,0.03422316754991164,0.05898915784941018,1.468673439023682,0.2255551118731535,0.6879807524967383,0.009185697114563336,0.1608690385475604,0.7113972322687921,595,1.0,310.0
1.130575076933126,0.0344678661142867,0.177194021449011,14.70825062385441,0.0001254960007540662,2.06658444803739,0.001724668487944652,0.03048702100154777,0.1335857378130548,596,0.06224601637401683,311.0
0.5668460576617342,0.0,0.164681113284658,12.23432087779427,0.0004691841800517071,1.920648477959454,0.0,0.0,0.1577974712843851,597,0.2191090120841472,312.0
1.352941176470589,0.0,0.1463286370486014,19.56320015447854,9.732592668454387e-06,1.70660659515629,0.0,0.0,0.04826696778212424,598,0.0052653326336338235,313.0
0.6096411205636685,0.0,0.1635651468162863,12.93100326906644,0.0003231845234015207,1.907633146351711,0.0,0.0,0.1419792263664984,599,0.15318946409232082,314.0
0.72731801301498,0.0,0.08063747469135876,12.91774364623384,0.0003254819697732225,0.9404614769924602,0.0,0.0,0.08046343973787333,600,0.15362748973296103,315.0
1.031805232497799,0.0919374542454176,0.3779549789267753,13.72079968835726,0.0002120925477615554,4.408026157548063,0.01475341511404419,0.08910349681291595,0.2759729711575146,601,0.10201651547330814,316.0
0.354373349883826,0.04630191978334233,0.1320796999959702,3.754846418802735,0.052654632726721,1.540423608432301,0.007382320994318322,0.1306585830975198,0.5734805567353198,602,1.0,317.0
0.7790669116191573,0.2000865504306168,0.2650628390502758,2.922926470021252,0.08732935048908119,3.091383876580533,0.1017027705157332,0.2568284539446954,0.5229715485714236,603,1.0,318.0
0.699973022889042,0.0,0.2863563398248734,15.76701651111031,7.164063534537135e-05,3.33972644020206,0.0,0.0,0.1491425860216529,604,0.03617852084941253,319.0
0.0,0.04313323424067302,0.03109566028107683,0.6596227163872612,0.4166931702189959,0.3626635222386392,1462.135461087746,10.0,10000.0,605,1.0,320.0
1.352941176470589,0.0,0.3727972409732914,28.97425636553942,7.334658913560332e-08,4.34787231626968,0.0,0.0,0.06514488073272796,606,4.298110123346355e-05,321.0
0.3605035457459362,0.0,0.09755504883118123,7.750923554622219,0.005368508014007234,1.137768334921282,0.0,0.0,0.2391219882529142,607,1.0,322.0
0.9428952558802453,0.1076960682342545,0.2063921625007333,6.081996386882992,0.01365663536196815,2.407117518598434,0.02845985030987953,0.1142184856298956,0.2948339728702435,608,1.0,323.0
1.024561450423151,0.138342568381191,0.3717243356991166,9.833887382646111,0.001713258820509544,4.335359200219289,0.03345613088173143,0.1350261307645867,0.3528840137989124,609,0.7606869163062375,324.0
0.0,0.0,0.0,0.0,1.0,0.0,0.0,0.0,0.0,610,1.0,
0.0,0.0,0.0,0.0,1.0,0.0,0.0,0.0,0.0,611,1.0,
1.352941176470589,0.0,0.1504861480794545,20.25563110564014,6.775374404410783e-06,1.755094955929666,0.0,0.0,0.04918385570392909,612,0.0037061297992126985,325.0
0.7571162659134429,0.03178300004630094,0.111976223694799,8.632990928239359,0.003301291140946017,1.305960102633695,0.002390420951351753,0.04197902155484072,0.1849472679687483,613,1.0,326.0
0.4572741467366599,0.03133591057982701,0.08257937346435344,4.823171153282324,0.02807963957476745,0.9631095199180423,0.003918087621152651,0.06852762353493184,0.3031120051461609,614,1.0,327.0
0.6285369188264652,0.0,0.08875671350482936,11.59029749361578,0.000662968056176716,1.035154811026014,0.0,0.0,0.1057364341433644,615,0.3043023377851126,328.0
0.8401829625272206,0.0,0.158052361754564,13.13714847694742,0.00028949811634571,1.843338449607632,0.0,0.0,0.1120524881723156,616,0.13809060149690366,329.0
0.9242906607922419,0.0,0.2368600151461905,18.62586383197639,1.5904808812639e-05,2.762459024634037,0.0,0.0,0.09535412759202727,617,0.008413643861886031,330.0
0.6337967775791723,0.0,0.1447396814454358,14.54245307192711,0.0001370364659082357,1.688074869812109,0.0,0.0,0.1143899977480181,618,0.0671478682950355,331.0
0.8218867516874606,0.0737603548390663,0.2327357345979391,10.28171381605003,0.001343550936331428,2.714358225461127,0.01482810427371178,0.08974515611503031,0.2775064452609468,619,0.6005672685401483,332.0
1.903705599492725,0.08516693033331454,0.5175211322106998,28.05607016701958,1.178508723942429e-07,6.035763027507625,0.007434413817215202,0.04473744803608747,0.1388928306198176,620,6.870705860584361e-05,333.0
1.352941176470589,0.0,0.2660603661040648,31.13495273124484,2.40697977105242e-08,3.103017868963565,0.0,0.0,0.04763388813147817,621,1.444187862631452e-05,334.0
1.04847691103085,0.0,0.1378354993125423,15.65856864260174,7.586805599424373e-05,1.607552540076729,0.0,0.0,0.07372631099265975,622,0.03823750022109884,335.0
0.0,0.0398997945901614,0.03394244985170268,0.3166356401176778,0.5736365517434114,0.395865156274488,1461.882785713515,10.0,10000.0,623,1.0,336.0
0.5802523910416971,0.0,0.1601710970017737,12.69710007375522,0.0003662230744349015,1.868048906967234,0.0,0.0,0.1473644690789775,624,0.1721248449844037,337.0
3.971644381560522,0.03958719987623839,0.8084220643234007,68.21723303455838,1.110223024625157e-16,9.428492292906004,0.0005692324886131527,0.009967458330366415,0.04409446826032302,625,6.949996134153482e-14,338.0
0.9574038123804417,0.131158132948858,0.3513967945012032,9.797462391592745,0.001747528506823248,4.09828246273729,0.03390235348597764,0.1369935352803253,0.3570701927688625,626,0.7741551285226989,339.0
0.7400652177941619,0.2218070848003431,0.3582319923357966,3.742887823982869,0.0530327140042165,4.178000240056848,0.1071290589716715,0.2997128894416377,0.6500662502196084,627,1.0,340.0
