&alpha;,&beta;<sup>-</sup>,p<sup>-</sup>,&beta;<sup>+</sup>,p<sup>+</sup>,LRT,p-value,# branches under selection,Total branch length,MEME LogL,FEL LogL,Variation p,Site,adjusted_p-value
0.0,0.0,0.9953318610492298,45.07631539013101,0.004668138950770229,12.85991776106322,0.0006919648880258089,1.0,0.0,-20.01840875750256,-13.59168398233403,0.001617740631491782,1,0.21245707041939904
1.697336240611891,0.157740304280298,0.9926312433950003,46.90110780134491,0.007368756604999693,5.809529201797346,0.02486115091786634,1.0,0.0,-82.22789165581622,-76.5117961803075,0.003292541646733982,2,1.0
0.0,0.0,1.0,0.0,0.0,0.0,1.0,0.0,0.0,0.0,0.0,1.0,3,1.0
0.5252354395642037,0.4164497878096547,1.0,0.7878531593463057,0.0,0.0,0.6666666666666666,0.0,0.0,-76.42798930614299,-76.42798930614298,0.9999999999999858,4,1.0
0.2927958800219194,0.09646696319669744,1.0,0.439193820032879,0.0,0.0,0.6666666666666666,0.0,0.0,-23.61460063672001,-23.61460063672001,1.0,5,1.0
1.920386861244745,0.7217849699805516,1.0,2.880580291867118,0.0,0.0,0.6666666666666666,0.0,0.0,-117.8225634600779,-117.8225634600779,1.0,6,1.0
0.0,0.0,1.0,0.0,0.0,0.0,1.0,0.0,0.0,0.0,0.0,1.0,7,1.0
0.0,0.0,1.0,0.0,0.0,0.0,1.0,0.0,0.0,0.0,0.0,1.0,8,1.0
1.367595843990697,0.2734487033503415,1.0,2.051393765986047,0.0,0.0,0.6666666666666666,0.0,0.0,-57.70005346365592,-57.70005346365592,1.0,9,1.0
2.29073213718581,0.4996208672600643,1.0,3.436098205778713,0.0,0.0,0.6666666666666666,0.0,0.0,-124.4238809151638,-124.4238809151638,1.0,10,1.0
0.0,0.0,1e-08,3.314680123707349,0.99999999,0.7473962375315111,0.3685249199843507,0.0,0.0,-5.867694034451059,-5.86786188901498,1.0,11,1.0
0.0,0.0,1.0,0.0,0.0,0.0,1.0,0.0,0.0,0.0,0.0,1.0,12,1.0
0.8684134964976868,0.5049462824402297,0.9819388841328324,1.461891864501759,0.01806111586716763,0.001577660143539106,0.6568725049597133,0.0,0.0,-80.20602520796498,-80.20502705292324,0.9990023429492452,13,1.0
0.0,0.0,1.0,0.0,0.0,0.0,1.0,0.0,0.0,0.0,0.0,1.0,14,1.0
0.4831300144099443,0.03835589771036853,1.0,0.7246950216149164,0.0,0.0,0.6666666666666666,0.0,0.0,-21.84268187020556,-21.84268187020556,1.0,15,1.0
1.369219951611315,0.564582508325184,1.0,2.053829927416972,0.0,0.0,0.6666666666666666,0.0,0.0,-120.0174599969441,-120.0174599969441,1.0,16,1.0
1.096090277872005,0.03809862627975197,1.0,1.644135416808008,0.0,0.0,0.6666666666666666,0.0,0.0,-34.32959246979875,-34.32959246979875,1.0,17,1.0
1.069191609129503,0.0,0.9617599814295825,1.178733687929849,0.03824001857041748,-0.1474701026434104,0.6666666666666666,1.0,0.0,-59.04407909349371,-58.73861641004927,0.7367823984841403,18,1.0
0.4828910600053057,0.07836911969573869,1.0,0.7243365900079586,0.0,0.0,0.6666666666666666,0.0,0.0,-33.95016463768927,-33.95016463768927,1.0,19,1.0
0.9132159347784575,0.0,0.9915712080417846,61.50851466833924,0.008428791958215442,8.211979315991655,0.007288801366327147,2.0,0.0,-57.79044145189313,-51.18404516209121,0.001351694498219813,20,0.6285737794211387
0.5219979665321757,0.1181950951378445,0.9516243309027718,8.468837691837077,0.04837566909722824,3.007206417024946,0.1063886408314091,1.0,0.0,-83.63286958158149,-81.70172585749907,0.1449822838474025,21,1.0
0.5382233824767565,0.0,1.0,0.8073350737151348,0.0,0.0,0.6666666666666666,0.0,0.0,-36.35959541837713,-36.35959541837713,1.0,22,1.0
0.4758717040374615,0.0,1.0,0.7138075560561924,0.0,0.0,0.6666666666666666,0.0,0.0,-29.44500349177721,-29.44500349177721,1.0,23,1.0
0.7542210623051984,0.06483945944527277,1.0,1.131331593457797,0.0,0.0,0.6666666666666666,0.0,0.0,-49.29803307466621,-49.29803307466621,1.0,24,1.0
0.7475341929822901,0.1759283328955926,1.0,1.121301289473435,0.0,0.0,0.6666666666666666,0.0,0.0,-64.96433553780116,-64.96433553780116,1.0,25,1.0
1.666500947192813,0.2333212872904446,0.9821064559891277,22.92055254204435,0.01789354401087229,1.777818546253201,0.2054633278924576,1.0,0.0,-110.8021247711078,-108.905422718493,0.1500627028983659,26,1.0
0.1571518328095579,0.005244245888017742,1e-08,0.3290126087851808,0.99999999,0.5494551666858598,0.4161477790224395,0.0,0.0,-48.06319428632469,-48.06392513183965,1.0,27,1.0
0.852299330014394,0.1862120675801134,1.0,1.278448995021591,0.0,0.0,0.6666666666666666,0.0,0.0,-46.95437674835933,-46.95437674835933,1.0,28,1.0
0.4729078076402881,0.0370000359069324,1e-08,1.040492018581909,0.99999999,1.314096640672773,0.2655686436316036,1.0,0.0,-96.01760899032479,-96.0178096122714,1.0,29,1.0
0.3691933351112942,0.0225801274374066,1e-08,1.23466869231877,0.99999999,3.330802831079211,0.0897401706004548,0.0,0.0,-106.2326408254512,-106.2257278762542,0.9931108902706318,30,1.0
0.4870641927396874,0.3871645121700307,1.0,0.7305962891095311,0.0,0.0,0.6666666666666666,0.0,0.0,-66.79985806503373,-66.79985806503373,1.0,31,1.0
0.8356065760338666,0.1108445453584035,1.0,1.2534098640508,0.0,0.0,0.6666666666666666,0.0,0.0,-58.76983100436117,-58.76983100436117,1.0,32,1.0
2.456783382450247,0.0,0.9922832160452569,210.6601395400441,0.007716783954743067,12.0985861406848,0.001016541006791383,2.0,0.0,-136.0562801094484,-130.0072038165447,0.002360040986695067,33,0.21245707041939904
0.9423642522146447,0.4922442101590021,1.0,1.413546378321967,0.0,0.0,0.6666666666666666,0.0,0.0,-104.7753634746979,-104.7753634746979,1.0,34,1.0
0.0,0.0,1.0,0.0,0.0,0.0,1.0,0.0,0.0,0.0,0.0,1.0,35,1.0
0.0,0.0,1.0,0.0,0.0,0.0,1.0,0.0,0.0,0.0,0.0,1.0,36,1.0
0.0,0.0,1.0,0.0,0.0,0.0,1.0,0.0,0.0,0.0,0.0,1.0,37,1.0
0.0,0.0,1.0,0.0,0.0,0.0,1.0,0.0,0.0,0.0,0.0,1.0,38,1.0
0.0,0.0,1e-08,2.529513140887556,0.99999999,0.3199018928377484,0.4839680328468093,0.0,0.0,-6.141055302939413,-6.141003697601873,0.9999483959939898,39,1.0
0.0,0.0,1e-08,6.088695885404496,0.99999999,1.647236714930823,0.2207089621742995,0.0,0.0,-7.673026876817658,-7.673220800436098,1.0,40,1.0
0.0,0.0,1.0,0.0,0.0,0.0,1.0,0.0,0.0,0.0,0.0,1.0,41,1.0
0.0,0.0,1.0,0.0,0.0,0.0,1.0,0.0,0.0,0.0,0.0,1.0,42,1.0
0.0,0.0,1.0,0.0,0.0,0.0,1.0,0.0,0.0,0.0,0.0,1.0,43,1.0
0.0,0.0,1.0,0.0,0.0,0.0,1.0,0.0,0.0,0.0,0.0,1.0,44,1.0
0.0,0.0,1.0,0.0,0.0,0.0,1.0,0.0,0.0,0.0,0.0,1.0,45,1.0
0.0,0.0,1.0,0.0,0.0,0.0,1.0,0.0,0.0,0.0,0.0,1.0,46,1.0
0.2328980598333159,0.01920733078334586,1e-08,0.2805450969844678,0.99999999,0.04452911809147508,0.6084548828389637,0.0,0.0,-44.48147494782289,-44.48206221384862,1.0,47,1.0
2.129920648755527,0.1516480388146997,1.0,3.194880973133289,0.0,0.0,0.6666666666666666,0.0,0.0,-104.9404556785718,-104.9404556785718,1.0,48,1.0
0.0,0.0,1.0,0.0,0.0,0.0,1.0,0.0,0.0,0.0,0.0,1.0,49,1.0
0.3537457337974801,0.04697277222977905,1.0,0.5306186006962201,0.0,0.0,0.6666666666666666,0.0,0.0,-26.86065349610708,-26.86065349610708,1.0,50,1.0
0.8211257226553386,0.2075066140037742,0.9762043083344386,11.24759224150307,0.02379569166556139,1.432545650344395,0.2485471098024795,1.0,0.0,-102.5205893834022,-101.1691528715404,0.258868126249603,51,1.0
0.07055325166127235,0.001550085220433056,0.01228806092348753,0.09943033626765155,0.9877119390765124,0.07068430203217702,0.5910371088872126,0.0,0.0,-26.19736901432589,-26.19785289179953,1.0,52,1.0
0.0,0.0,1.0,0.0,0.0,0.0,1.0,0.0,0.0,0.0,0.0,1.0,53,1.0
0.6792509274046077,0.1262655740444724,1.0,1.018876391106911,0.0,0.0,0.6666666666666666,0.0,0.0,-43.29869078422067,-43.29869078422067,1.0,54,1.0
0.2788336649508217,0.002449265905642215,0.01950180370472281,0.7498784826605979,0.9804981962952772,3.297172845219137,0.09133768142165721,4.0,0.0,-92.99483945344139,-92.99045567820724,0.9956258194827969,55,1.0
0.5808034271324318,0.1523258921663779,1.0,0.8712051406986477,0.0,0.0,0.6666666666666666,0.0,0.0,-62.10399462356736,-62.10399462356736,1.0,56,1.0
1.331753444896554,0.4998315046775327,1.0,1.997630167344832,0.0,0.0,0.6666666666666666,0.0,0.0,-110.2788039478554,-110.2788039478553,0.9999999999999005,57,1.0
1.207871454554414,0.5149358087964504,1.0,1.811807181831621,0.0,0.0,0.6666666666666666,0.0,0.0,-148.7673812614246,-148.7673812614246,1.0,58,1.0
0.521911961546209,0.1350209979126368,0.7263787829464114,2.411599013984051,0.2736212170535886,1.517468919463596,0.2370957162177641,0.0,0.0,-109.9018067346495,-109.3009367425015,0.54833438189022,59,1.0
0.8506994852414663,0.3313794306819637,1.0,1.2760492278622,0.0,0.0,0.6666666666666666,0.0,0.0,-92.464051592107,-92.464051592107,1.0,60,1.0
1.063536170370202,0.2091590997358835,1.0,1.595304255555304,0.0,0.0,0.6666666666666666,0.0,0.0,-58.34245862508232,-58.34245862508232,1.0,61,1.0
3.697247706422023,0.0,1.0,5.545871559633038,0.0,0.0,0.6666666666666666,0.0,0.0,-10.06807190227511,-10.06807190227511,1.0,62,1.0
2.020384498933995,0.2076934861525857,1.0,3.405518357043667,0.0,0.0,0.6666666666666666,0.0,0.0,-73.95547532486198,-73.95539684651082,0.9999215247281849,63,1.0
0.3282421180372233,0.02146003845001989,0.9232856708343967,11.28115272860595,0.07671432916560328,2.893345078859369,0.112979596393577,7.0,0.0,-85.22352962352517,-83.87328126751643,0.2591758847253499,64,1.0
0.8985661031280465,0.0796918416260408,1.0,1.347849154692069,0.0,0.0,0.6666666666666666,0.0,0.0,-35.81391607815834,-35.81391607815834,1.0,65,1.0
0.7122459747471405,0.06113143267076426,0.9966359934192313,1.221756848536617,0.003364006580768741,0.008224111764022268,0.6434844253083195,0.0,0.0,-42.8742133394701,-42.86983294718544,0.9956291876403421,66,1.0
0.5919420452919942,0.04986214876459117,0.9971052128343378,1.009807749008168,0.00289478716566216,0.001095395093500429,0.658545128713352,0.0,0.0,-54.79640043569357,-54.79619728851883,0.9997968734582423,67,1.0
1.564277134126064,0.0501781517883679,1.0,2.346415701189096,0.0,0.0,0.6666666666666666,0.0,0.0,-89.8831817700751,-89.8831817700751,1.0,68,1.0
0.3473597475647223,0.1366294203578587,1.0,0.5210396213470835,0.0,0.0,0.6666666666666666,0.0,0.0,-52.18544852880517,-52.18544852880517,1.0,69,1.0
1.231068305317389,0.2697074956111383,1.0,1.846602457976083,0.0,0.0,0.6666666666666666,0.0,0.0,-74.97449344506614,-74.97449344506614,1.0,70,1.0
1.211404175225252,0.09599578944148902,1.0,1.817106262837878,0.0,0.0,0.6666666666666666,0.0,0.0,-77.41183789226343,-77.41183789226343,1.0,71,1.0
0.8426288224245634,0.1570022389497251,1.0,1.263943233636845,0.0,0.0,0.6666666666666666,0.0,0.0,-44.71139122156274,-44.71139122156274,1.0,72,1.0
1.677388535582192,1.133672732747786,0.9782598208632572,2.900513964251409,0.02174017913674275,-0.0002743513986160906,0.6666666666666666,0.0,0.0,-179.128808650258,-179.1287795415461,0.9999708917117391,73,1.0
0.0,0.0,1.0,0.0,0.0,0.0,1.0,0.0,0.0,0.0,0.0,1.0,74,1.0
0.0,0.0,1.0,0.0,0.0,0.0,1.0,0.0,0.0,0.0,0.0,1.0,75,1.0
2.234612565612992,0.5511249833582341,1.0,3.351918848419488,0.0,0.0,0.6666666666666666,0.0,0.0,-146.1906997878506,-146.1906997878506,1.0,76,1.0
0.8199862400269826,0.1846203162933235,0.9918108525966691,141.3494207696461,0.008189147403330876,8.263894045844097,0.007098823728016068,2.0,0.0,-87.35090620358581,-81.4772067641828,0.002812449578234788,77,0.6285737794211387
0.733737765664999,0.2457238889476952,1.0,1.100606648497499,0.0,0.0,0.6666666666666666,0.0,0.0,-86.91769176065134,-86.91769176065134,1.0,78,1.0
0.8977829074933532,0.277848816703009,1.0,1.34667436124003,0.0,0.0,0.6666666666666666,0.0,0.0,-77.85851943183997,-77.85851943183997,1.0,79,1.0
0.8265788636855145,0.7525047636763594,1.0,1.239868295528272,0.0,0.0,0.6666666666666666,0.0,0.0,-141.3649132619554,-141.3649132619554,1.0,80,1.0
1.168199496385022,0.0,0.4420933941467883,1.956166450072829,0.5579066058532117,0.5222205881042328,0.4233739808009755,9.0,0.0,-130.0117924328654,-129.5240708510242,0.6140238046035578,81,1.0
1.452211899582385,0.303506901510406,0.9381306539103883,6.339563293051375,0.0618693460896117,0.3959920419672471,0.4595534043089816,1.0,0.0,-140.3164034564048,-139.4562498451245,0.4230970848108215,82,1.0
1.615504443434987,0.134283241964195,1.0,2.423256665152481,0.0,0.0,0.6666666666666666,0.0,0.0,-81.0547755541005,-81.0547755541005,1.0,83,1.0
1.134274287267601,0.5057292816623234,1.0,1.829981774246032,0.0,0.0,0.6666666666666666,0.0,0.0,-99.21807754364279,-99.20969221231027,0.9916497274960884,84,1.0
0.4567830809236131,0.0,1.0,0.6851746213854197,0.0,0.0,0.6666666666666666,0.0,0.0,-23.69575214415194,-23.69575214415194,1.0,85,1.0
0.7468466814270922,0.152544092401726,1.0,1.120270022140639,0.0,0.0,0.6666666666666666,0.0,0.0,-66.17691217692987,-66.17691217692987,1.0,86,1.0
0.9270207349677582,0.0,1.0,1.390531102451637,0.0,0.0,0.6666666666666666,0.0,0.0,-65.0107967203767,-65.0107967203767,1.0,87,1.0
0.4085391720136261,0.0,1.0,0.612808758020439,0.0,0.0,0.6666666666666666,0.0,0.0,-25.68312168952087,-25.68312168952087,1.0,88,1.0
0.8007249431872575,0.0,1.0,1.201087414780886,0.0,0.0,0.6666666666666666,0.0,0.0,-38.21747798896571,-38.21747798896571,1.0,89,1.0
1.012197040931861,0.0,1.0,1.518295561397792,0.0,0.0,0.6666666666666666,0.0,0.0,-43.46862593520928,-43.46862593520929,1.0,90,1.0
0.0,0.0,1.0,0.0,0.0,0.0,1.0,0.0,0.0,0.0,0.0,1.0,91,1.0
0.651854353710979,0.0,1.0,0.9777815305664688,0.0,0.0,0.6666666666666666,0.0,0.0,-49.84938379889151,-49.84938379889151,1.0,92,1.0
1.828559073210898,0.04258455611756212,1.0,2.742838609816346,0.0,0.0,0.6666666666666666,0.0,0.0,-76.17192671749646,-76.17192671749646,1.0,93,1.0
1.103141747697447,0.0,1.0,1.654712621546171,0.0,0.0,0.6666666666666666,0.0,0.0,-46.7574628315266,-46.7574628315266,1.0,94,1.0
0.6961735254672107,0.0,1.0,1.044260288200816,0.0,0.0,0.6666666666666666,0.0,0.0,-16.80263093932971,-16.80263093932971,1.0,95,1.0
1.420946864471903,0.0,1.0,2.131420296707855,0.0,0.0,0.6666666666666666,0.0,0.0,-33.98820715812352,-33.98820715812352,1.0,96,1.0
1.247493106901336,0.0,1.0,1.871239660352004,0.0,0.0,0.6666666666666666,0.0,0.0,-27.63697432193489,-27.63697432193489,1.0,97,1.0
1.346350584292646,0.046744297247632,1.0,2.019525876438969,0.0,0.0,0.6666666666666666,0.0,0.0,-39.43981176558088,-39.43981176558088,1.0,98,1.0
1.421027355510825,0.0,1.0,2.131541033266238,0.0,0.0,0.6666666666666666,0.0,0.0,-88.99440134069845,-88.99440134069845,1.0,99,1.0
0.5769778506066378,0.0,0.9340917376305575,24.29256343435427,0.06590826236944247,7.576701191960808,0.01007255716795852,10.0,0.0,-110.7363382047801,-106.3379836942853,0.01229755876807237,100,0.6315493344309993
1.450557103730891,0.04178737473455736,0.9985581135987137,2.153542607584098,0.001441886401286285,0.009840892364820775,0.6411604739236958,0.0,0.0,-76.49007304611104,-76.48713141863739,0.9970626948730145,101,1.0
0.9849339572218601,0.2310463711007653,1.0,1.477400935832789,0.0,0.0,0.6666666666666666,0.0,0.0,-74.58462966178533,-74.58462966178533,1.0,102,1.0
2.134958789566095,0.0,1.0,3.202438184349143,0.0,0.0,0.6666666666666666,0.0,0.0,-41.61594699033012,-41.61594699033012,1.0,103,1.0
0.5777958743440268,0.0,1.0,0.8666938115160402,0.0,0.0,0.6666666666666666,0.0,0.0,-42.65882694303937,-42.65882694303937,1.0,104,1.0
0.6669943481959332,0.1245649362295454,1.0,1.102734245886564,0.0,0.0,0.6666666666666666,0.0,0.0,-69.06863201516089,-69.06783458596735,0.9992028886685816,105,1.0
0.4923806395125913,0.0,1.0,0.9095471508079092,0.0,0.0,0.6666666666666666,0.0,0.0,-27.07091521540834,-27.07053909863547,0.9996239539501571,106,1.0
0.597826564802262,0.0,1.0,0.896739847203393,0.0,0.0,0.6666666666666666,0.0,0.0,-25.02157782756666,-25.02157782756666,1.0,107,1.0
0.5772543850810721,0.04422373340096952,1.0,0.8658815776216081,0.0,0.0,0.6666666666666666,0.0,0.0,-55.13514136944191,-55.13514136944191,1.0,108,1.0
0.4652119989580119,0.0,1.0,0.6978179984370179,0.0,0.0,0.6666666666666666,0.0,0.0,-13.80003711593429,-13.80003711593429,1.0,109,1.0
0.0,0.0,1.0,0.0,0.0,0.0,1.0,0.0,0.0,0.0,0.0,1.0,110,1.0
1.193097378596763,0.0,1.0,1.789646067895145,0.0,0.0,0.6666666666666666,0.0,0.0,-66.19007299207772,-66.19007299207772,1.0,111,1.0
0.5318809865829822,0.08887150364394192,1.0,0.7978214798744734,0.0,0.0,0.6666666666666666,0.0,0.0,-53.75932099167024,-53.75932099167024,1.0,112,1.0
1.020335948268121,0.1886663297227964,1.0,1.530503922402181,0.0,0.0,0.6666666666666666,0.0,0.0,-53.58469883279115,-53.58469883279114,0.9999999999999929,113,1.0
0.7265500941506722,0.3191852115022094,1.0,1.089825141226009,0.0,0.0,0.6666666666666666,0.0,0.0,-77.96180941162824,-77.96180941162824,1.0,114,1.0
0.9694366966546035,0.2205354752367533,1.0,1.454155044981905,0.0,0.0,0.6666666666666666,0.0,0.0,-86.10867232660665,-86.10867232660667,1.0,115,1.0
1.959665040865285,0.1114214215297751,1.0,2.939497561297928,0.0,0.0,0.6666666666666666,0.0,0.0,-80.53988224901931,-80.53988224901931,1.0,116,1.0
0.5700296555645756,0.0,0.949622640950778,1.831579295750334,0.05037735904922203,0.8040713576287573,0.3562478529278778,2.0,0.0,-62.91903581133396,-60.98250562626888,0.1442034419159457,117,1.0
1.111825276318861,0.2214152962068453,1.0,1.667737914478291,0.0,0.0,0.6666666666666666,0.0,0.0,-74.39813320136895,-74.39813320136895,1.0,118,1.0
1.286033207757787,0.0,1.0,1.92904981163668,0.0,0.0,0.6666666666666666,0.0,0.0,-54.2871292806359,-54.2871292806359,1.0,119,1.0
0.6330000324902186,0.03635207185960471,1.0,0.9495000487353282,0.0,0.0,0.6666666666666666,0.0,0.0,-59.72134651524033,-59.72134651524032,0.9999999999999929,120,1.0
1.250255058005446,0.07737509395294043,1.0,1.875382587008168,0.0,0.0,0.6666666666666666,0.0,0.0,-41.41453618428084,-41.41453618428084,1.0,121,1.0
1.432542787583255,0.0,1.0,2.601553577659613,0.0,0.0,0.6666666666666666,0.0,0.0,-66.11558182983512,-66.11551382806758,0.9999320005445193,122,1.0
0.678481669214636,0.04876811670295258,1.0,1.017722503821954,0.0,0.0,0.6666666666666666,0.0,0.0,-54.89669655784229,-54.89669655784229,1.0,123,1.0
1.166371467866999,0.04466227724453071,1.0,1.749557201800499,0.0,0.0,0.6666666666666666,0.0,0.0,-56.56886673894686,-56.56886673894686,1.0,124,1.0
0.5552517946669089,0.0442221646324784,1.0,0.8328776920003633,0.0,0.0,0.6666666666666666,0.0,0.0,-47.69172442884125,-47.69172442884124,0.9999999999999929,125,1.0
1.972693669819193,0.09118060097475854,1.0,2.95904050472879,0.0,0.0,0.6666666666666666,0.0,0.0,-89.8548792940483,-89.8548792940483,1.0,126,1.0
3.031707110594715,0.1601194253479076,1.0,4.54756066589207,0.0,0.0,0.6666666666666666,0.0,0.0,-77.22824400868716,-77.22824400868716,1.0,127,1.0
0.3153408517294513,0.1000274967651932,0.9212211010153475,10.13153015331735,0.07877889898465251,5.886528926336354,0.02389806838722819,1.0,0.0,-94.83269507987993,-92.20083789359683,0.07194472333859803,128,1.0
1.284088469743212,0.501100245540678,0.9810215595240075,2.341430532848892,0.01897844047599251,0.00377928139559458,0.6512685242615267,0.0,0.0,-112.9549401687964,-112.9473939382834,0.9924821707982353,129,1.0
1.141951340680603,0.6997613860358954,1.0,1.712927011020905,0.0,0.0,0.6666666666666666,0.0,0.0,-135.1361449663565,-135.1361449663565,1.0,130,1.0
0.4770324896789174,0.03770902843622466,1e-08,0.5238115392759741,0.99999999,0.03532378118566726,0.615523137605592,0.0,0.0,-90.59667460910966,-90.5969151403274,1.0,131,1.0
0.7560986422574761,0.0,0.8435793863940663,6.025499869125948,0.1564206136059337,5.991452890458191,0.0226460474119784,12.0,0.0,-114.3666357836323,-110.7238614691761,0.02617961264610291,132,1.0
2.046569044975143,0.1120111289424211,0.827973712773161,3.385471247813395,0.172026287226839,0.141530381797196,0.5536455285820604,3.0,0.0,-130.1567589342535,-127.8276076296396,0.0973783565964289,133,1.0
0.4794058321337074,0.0786729480420697,1.0,0.7191087482005611,0.0,0.0,0.6666666666666666,0.0,0.0,-40.03008126490037,-40.03008126490037,1.0,134,1.0
1.248918945699139,0.4550314769115654,1.0,1.873378418548709,0.0,0.0,0.6666666666666666,0.0,0.0,-103.8288250959188,-103.8288250959188,1.0,135,1.0
0.871285480058966,0.2156150991174731,1.0,1.306928220088449,0.0,0.0,0.6666666666666666,0.0,0.0,-66.52105276968976,-66.52105276968976,1.0,136,1.0
0.1971007715688599,0.0,1.0,0.2956511573532898,0.0,0.0,0.6666666666666666,0.0,0.0,-11.57602531050881,-11.57602531050881,1.0,137,1.0
1.094789869120056,0.03281974733812514,1.0,1.642184803680084,0.0,0.0,0.6666666666666666,0.0,0.0,-36.70124381739988,-36.70124381739988,1.0,138,1.0
0.3539048730595915,0.04136116025319272,1.0,0.5308573095893871,0.0,0.0,0.6666666666666666,0.0,0.0,-25.79398751524822,-25.79398751524821,0.9999999999999929,139,1.0
0.0,0.0,1.0,0.0,0.0,0.0,1.0,0.0,0.0,0.0,0.0,1.0,140,1.0
1.056500738599952,0.0,1.0,1.584751107899928,0.0,0.0,0.6666666666666666,0.0,0.0,-63.99547918012304,-63.99547918012303,0.9999999999999858,141,1.0
1.285515860832445,0.2221651767642441,1.0,1.928273791248668,0.0,0.0,0.6666666666666666,0.0,0.0,-98.86739375684304,-98.86739375684304,1.0,142,1.0
0.9805379268661272,0.0,1.0,1.470806890299191,0.0,0.0,0.6666666666666666,0.0,0.0,-40.49108633056408,-40.49108633056408,1.0,143,1.0
0.834406314728773,0.0,1.0,1.251609472093159,0.0,0.0,0.6666666666666666,0.0,0.0,-21.54401938023788,-21.54401938023788,1.0,144,1.0
2.515233922951394,0.02952565723845911,1.0,3.77285088442709,0.0,0.0,0.6666666666666666,0.0,0.0,-62.58574777618287,-62.58574777618287,1.0,145,1.0
2.941387072926782,0.04370694159207474,1.0,4.412080609390173,0.0,0.0,0.6666666666666666,0.0,0.0,-106.4405282445444,-106.4405282445444,1.0,146,1.0
0.7547908929522971,0.0,1.0,1.132186339428446,0.0,0.0,0.6666666666666666,0.0,0.0,-38.71645185224875,-38.71645185224875,1.0,147,1.0
0.1134065456127021,0.0,1.0,0.1701098184190531,0.0,0.0,0.6666666666666666,0.0,0.0,-11.4157142170309,-11.4157142170309,1.0,148,1.0
1.040032715978771,0.0,1.0,1.560049073968157,0.0,0.0,0.6666666666666666,0.0,0.0,-26.63911780855898,-26.63911780855898,1.0,149,1.0
1.361076406512925,0.03074112002016698,1.0,2.041614609769387,0.0,0.0,0.6666666666666666,0.0,0.0,-39.8262489803184,-39.8262489803184,1.0,150,1.0
1.67214579474847,0.1510394468755505,1.0,2.508218692122705,0.0,0.0,0.6666666666666666,0.0,0.0,-79.38521503738873,-79.38521503738873,1.0,151,1.0
1.00522372161672,0.0,1.0,1.50783558242508,0.0,0.0,0.6666666666666666,0.0,0.0,-71.2225754589238,-71.22257545892381,1.0,152,1.0
0.7272850069020536,0.0,1.0,1.09092751035308,0.0,0.0,0.6666666666666666,0.0,0.0,-48.09781166985772,-48.09781166985772,1.0,153,1.0
0.1160112055565453,0.005829563079216402,0.01,0.1329803339851203,0.99,0.01543100481154625,0.634190481909757,0.0,0.0,-32.77928956319526,-32.77938970734585,1.0,154,1.0
0.5014229433719544,0.03768658507441081,1.0,0.7521344150579317,0.0,0.0,0.6666666666666666,0.0,0.0,-43.59606307379034,-43.59606307379034,1.0,155,1.0
3.62980166369369,0.0,1.0,5.444702495540538,0.0,0.0,0.6666666666666666,0.0,0.0,-74.60346902771458,-74.60346902771458,1.0,156,1.0
2.095909501953193,0.0,0.9331331185955991,2.698735503240822,0.06686688140440089,0.0628657975638589,0.5959272626763659,2.0,0.0,-101.6473782612891,-99.7839503640364,0.1551399141119851,157,1.0
0.385793220300666,0.2235532090746699,1.0,0.578689830450999,0.0,0.0,0.6666666666666666,0.0,0.0,-57.21322918426879,-57.21322918426878,0.9999999999999929,158,1.0
0.8397787777818788,0.07970169734977182,0.9916366791810316,1.438311580886757,0.0083633208189684,0.01788715897525606,0.6314837429782331,0.0,0.0,-53.50604685608667,-53.49044733434521,0.9845215205789021,159,1.0
1.692754748461075,0.1403600448976743,1.0,2.539132122691613,0.0,0.0,0.6666666666666666,0.0,0.0,-58.66383001150879,-58.66383001150879,1.0,160,1.0
0.5005831990610597,0.0962669427781462,1.0,0.7508747985915895,0.0,0.0,0.6666666666666666,0.0,0.0,-43.35749900442343,-43.35749900442343,1.0,161,1.0
1.691493247913845,0.03768517788835845,1.0,2.537239871870768,0.0,0.0,0.6666666666666666,0.0,0.0,-44.20754730841107,-44.20754730841107,1.0,162,1.0
0.4479997500134315,0.0,0.5662014012943688,1.199724776931394,0.4337985987056312,0.4758409668988008,0.4361243107952465,9.0,0.0,-105.5248198683854,-105.2886632942318,0.789657024361726,163,1.0
0.4480098714732799,0.3165938394120855,1.0,0.6720148072099198,0.0,0.0,0.6666666666666666,0.0,0.0,-74.80137276164133,-74.80137276164133,1.0,164,1.0
1.333026176627875,0.07615609324177515,1.0,1.999539264941812,0.0,0.0,0.6666666666666666,0.0,0.0,-71.4092106757066,-71.4092106757066,1.0,165,1.0
1.483274340600503,0.2034862187573917,1.0,2.224911510900753,0.0,0.0,0.6666666666666666,0.0,0.0,-61.86048403706596,-61.86048403706596,1.0,166,1.0
2.265885503271891,0.5344651387958486,0.9772936409276045,14.11587891813612,0.02270635907239549,-0.5678586147355986,0.6666666666666666,0.0,0.0,-159.6888819315896,-159.3377555114886,0.7038947617682805,167,1.0
0.8755652223685003,0.0,1.0,1.31334783355275,0.0,0.0,0.6666666666666666,0.0,0.0,-24.05973019480304,-24.05973019480304,1.0,168,1.0
2.95547853483248,0.1317452416179207,1.0,4.433217802248721,0.0,0.0,0.6666666666666666,0.0,0.0,-70.82614884570643,-70.82614884570643,1.0,169,1.0
0.0,0.0,1e-08,0.4675156916085831,0.99999999,10.63055851498501,0.002136201123996706,7.0,0.0,-56.10613351731563,-56.10649179189319,1.0,170,0.33484952618648367
17.76392359012463,2.975601323461832,1.0,6.923446570725205,0.0,0.0,0.6666666666666666,0.0,0.0,-35.2279198265814,-35.22664452929227,0.9987255155568184,171,1.0
0.0,0.0,1.0,0.0,0.0,0.0,1.0,0.0,0.0,0.0,0.0,1.0,172,1.0
0.0,0.0,1.0,0.0,0.0,0.0,1.0,0.0,0.0,0.0,0.0,1.0,173,1.0
0.0,0.0,1.0,0.0,0.0,0.0,1.0,0.0,0.0,0.0,0.0,1.0,174,1.0
0.0,0.0,1.0,0.0,0.0,0.0,1.0,0.0,0.0,0.0,0.0,1.0,175,1.0
0.0,0.0,1.0,0.0,0.0,0.0,1.0,0.0,0.0,0.0,0.0,1.0,176,1.0
0.0,0.0,1e-08,6.132586053908975,0.99999999,2.646923266737197,0.1287362892844517,0.0,0.0,-9.565029949077498,-9.526375694278492,0.9620832873269781,177,1.0
0.0,0.0,1.0,0.0,0.0,0.0,1.0,0.0,0.0,0.0,0.0,1.0,178,1.0
3.372156323802172,0.0,1.0,5.058234485703256,0.0,0.0,0.6666666666666666,0.0,0.0,-6.16414812342106,-6.164148123421059,0.9999999999999991,179,1.0
0.0,0.0,0.0008935546874999992,1.65216265216265,0.9991064453125,0.356312165037771,0.4719994537182898,0.0,0.0,-6.328364492762045,-6.32909732388926,1.0,180,1.0
0.0,0.0,1.0,0.0,0.0,0.0,1.0,0.0,0.0,0.0,0.0,1.0,181,1.0
0.0,0.0,1.0,0.0,0.0,0.0,1.0,0.0,0.0,0.0,0.0,1.0,182,1.0
0.0,0.0,1e-08,1.867343367168362,0.99999999,1.071631601985942,0.304743447183339,0.0,0.0,-9.319180994776719,-9.31924529129908,1.0,183,1.0
0.0,0.0,1.0,0.0,0.0,0.0,1.0,0.0,0.0,0.0,0.0,1.0,184,1.0
0.0,0.0,1.0,0.0,0.0,0.0,1.0,0.0,0.0,0.0,0.0,1.0,185,1.0
0.0,0.0,1.0,0.0,0.0,0.0,1.0,0.0,0.0,0.0,0.0,1.0,186,1.0
0.0,0.0,1e-08,2.565580529740497,0.99999999,0.7933139717611297,0.3585370304539477,0.0,0.0,-8.262788939970305,-8.262830108570546,1.0,187,1.0
0.0,0.0,1.0,0.0,0.0,0.0,1.0,0.0,0.0,0.0,0.0,1.0,188,1.0
0.0,0.0,1.0,0.0,0.0,0.0,1.0,0.0,0.0,0.0,0.0,1.0,189,1.0
0.0,0.0,1.0,0.0,0.0,0.0,1.0,0.0,0.0,0.0,0.0,1.0,190,1.0
0.0,0.0,1.0,0.0,0.0,0.0,1.0,0.0,0.0,0.0,0.0,1.0,191,1.0
0.0,0.0,1.0,0.0,0.0,0.0,1.0,0.0,0.0,0.0,0.0,1.0,192,1.0
0.0,0.0,1e-08,3.044852855393818,0.99999999,1.156444859540562,0.2903225406650215,0.0,0.0,-7.699624815097992,-7.699584060349648,0.9999592460821173,193,1.0
0.0,0.0,1.0,0.0,0.0,0.0,1.0,0.0,0.0,0.0,0.0,1.0,194,1.0
0.0,0.0,1.0,0.0,0.0,0.0,1.0,0.0,0.0,0.0,0.0,1.0,195,1.0
0.0,0.0,0.01,1.837744215047815,0.99,0.3520452549041089,0.4733735942740386,0.0,0.0,-8.483210642415226,-8.483644198636162,1.0,196,1.0
5.28190750059909,0.0,1.0,7.922861250898635,0.0,0.0,0.6666666666666666,0.0,0.0,-6.196481543912224,-6.196481543912224,1.0,197,1.0
0.0,0.0,1.0,0.0,0.0,0.0,1.0,0.0,0.0,0.0,0.0,1.0,198,1.0
0.0,0.0,1.0,0.0,0.0,0.0,1.0,0.0,0.0,0.0,0.0,1.0,199,1.0
0.0,0.0,1.0,0.0,0.0,0.0,1.0,0.0,0.0,0.0,0.0,1.0,200,1.0
0.0,0.0,1.0,0.0,0.0,0.0,1.0,0.0,0.0,0.0,0.0,1.0,201,1.0
0.0,0.0,1.0,0.0,0.0,0.0,1.0,0.0,0.0,0.0,0.0,1.0,202,1.0
0.0,0.0,1.0,0.0,0.0,0.0,1.0,0.0,0.0,0.0,0.0,1.0,203,1.0
0.0,0.0,1.0,0.0,0.0,0.0,1.0,0.0,0.0,0.0,0.0,1.0,204,1.0
0.0,0.0,1.0,0.0,0.0,0.0,1.0,0.0,0.0,0.0,0.0,1.0,205,1.0
0.0,0.0,1.0,0.0,0.0,0.0,1.0,0.0,0.0,0.0,0.0,1.0,206,1.0
0.0,0.0,1.0,0.0,0.0,0.0,1.0,0.0,0.0,0.0,0.0,1.0,207,1.0
0.0,0.0,1.0,0.0,0.0,0.0,1.0,0.0,0.0,0.0,0.0,1.0,208,1.0
0.0,0.0,1.0,0.0,0.0,0.0,1.0,0.0,0.0,0.0,0.0,1.0,209,1.0
0.0,0.0,1.0,0.0,0.0,0.0,1.0,0.0,0.0,0.0,0.0,1.0,210,1.0
0.0,0.0,1.0,0.0,0.0,0.0,1.0,0.0,0.0,0.0,0.0,1.0,211,1.0
0.0,0.0,1.0,0.0,0.0,0.0,1.0,0.0,0.0,0.0,0.0,1.0,212,1.0
0.0,0.0,1.0,0.0,0.0,0.0,1.0,0.0,0.0,0.0,0.0,1.0,213,1.0
0.0,0.0,1.0,0.0,0.0,0.0,1.0,0.0,0.0,0.0,0.0,1.0,214,1.0
0.0,0.0,1.0,0.0,0.0,0.0,1.0,0.0,0.0,0.0,0.0,1.0,215,1.0
0.0,0.0,1.0,0.0,0.0,0.0,1.0,0.0,0.0,0.0,0.0,1.0,216,1.0
0.0,0.0,1.0,0.0,0.0,0.0,1.0,0.0,0.0,0.0,0.0,1.0,217,1.0
0.0,0.0,1.0,0.0,0.0,0.0,1.0,0.0,0.0,0.0,0.0,1.0,218,1.0
0.0,0.0,1e-08,66.65717633153649,0.99999999,1.852831367815034,0.1972255006339432,0.0,0.0,-7.406190924026644,-7.393708991175038,0.9875956433690933,219,1.0
0.0,0.0,1.0,0.0,0.0,0.0,1.0,0.0,0.0,0.0,0.0,1.0,220,1.0
0.0,0.0,1.0,0.0,0.0,0.0,1.0,0.0,0.0,0.0,0.0,1.0,221,1.0
0.0,0.0,1.0,0.0,0.0,0.0,1.0,0.0,0.0,0.0,0.0,1.0,222,1.0
0.0,0.0,1.0,0.0,0.0,0.0,1.0,0.0,0.0,0.0,0.0,1.0,223,1.0
0.0,0.0,1.0,0.0,0.0,0.0,1.0,0.0,0.0,0.0,0.0,1.0,224,1.0
0.0,0.0,1.0,0.0,0.0,0.0,1.0,0.0,0.0,0.0,0.0,1.0,225,1.0
0.0,0.0,1.0,0.0,0.0,0.0,1.0,0.0,0.0,0.0,0.0,1.0,226,1.0
0.0,0.0,1.0,0.0,0.0,0.0,1.0,0.0,0.0,0.0,0.0,1.0,227,1.0
0.0,0.0,1.0,0.0,0.0,0.0,1.0,0.0,0.0,0.0,0.0,1.0,228,1.0
0.0,0.0,1.0,0.0,0.0,0.0,1.0,0.0,0.0,0.0,0.0,1.0,229,1.0
0.0,0.0,1.0,0.0,0.0,0.0,1.0,0.0,0.0,0.0,0.0,1.0,230,1.0
0.0,0.0,1.0,0.0,0.0,0.0,1.0,0.0,0.0,0.0,0.0,1.0,231,1.0
0.0,0.0,1.0,0.0,0.0,0.0,1.0,0.0,0.0,0.0,0.0,1.0,232,1.0
0.0,0.0,1.0,0.0,0.0,0.0,1.0,0.0,0.0,0.0,0.0,1.0,233,1.0
0.0,0.0,0.0008935546874999992,1.733810548797786,0.9991064453125,0.5596970285499765,0.4134773902551391,0.0,0.0,-7.806931781917226,-7.807160324799542,1.0,234,1.0
0.0,0.0,1.0,0.0,0.0,0.0,1.0,0.0,0.0,0.0,0.0,1.0,235,1.0
0.0,0.0,1.0,0.0,0.0,0.0,1.0,0.0,0.0,0.0,0.0,1.0,236,1.0
0.0,0.0,1e-08,1.911779341721766,0.99999999,1.118123157002206,0.2967368455793116,0.0,0.0,-8.564154087461256,-8.564387603388242,1.0,237,1.0
3.372156323802172,0.0,1.0,5.05823448570326,0.0,0.0,0.6666666666666666,0.0,0.0,-6.121516507683959,-6.121516507683959,1.0,238,1.0
0.0,0.0,1e-08,1.431582071831407,0.99999999,0.6050748241637578,0.4019394582084808,0.0,0.0,-10.20763453890596,-10.20767852649754,1.0,239,1.0
4.374586940264664,1.988139215252119,1.0,6.561880410396997,0.0,0.0,0.6666666666666666,0.0,0.0,-8.493563529233029,-8.493563529233029,1.0,240,1.0
0.0,0.0,1.0,0.0,0.0,0.0,1.0,0.0,0.0,0.0,0.0,1.0,241,1.0
0.0,0.0,1.0,0.0,0.0,0.0,1.0,0.0,0.0,0.0,0.0,1.0,242,1.0
0.0,0.0,1.0,0.0,0.0,0.0,1.0,0.0,0.0,0.0,0.0,1.0,243,1.0
0.0,0.0,1.0,0.0,0.0,0.0,1.0,0.0,0.0,0.0,0.0,1.0,244,1.0
1.060375128113232,0.03871074086753604,1.0,1.590562692169848,0.0,0.0,0.6666666666666666,0.0,0.0,-34.39431780422547,-34.39431780422547,1.0,245,1.0
1.975771839131808,0.03790222445763249,1.0,2.963657758697711,0.0,0.0,0.6666666666666666,0.0,0.0,-43.5030087240299,-43.5030087240299,1.0,246,1.0
0.5585113180430866,0.1792004860333309,0.9639400657639638,0.9417582061994417,0.03605993423603615,-0.006501967895502503,0.6666666666666666,0.0,0.0,-72.5820030147922,-72.5812897108767,0.9992869504252195,247,1.0
0.6783655552962605,0.0,1.0,1.017548332944391,0.0,0.0,0.6666666666666666,0.0,0.0,-34.00842970096706,-34.00842970096706,1.0,248,1.0
1.15568830114721,0.03944955494883214,1.0,1.733532451720815,0.0,0.0,0.6666666666666666,0.0,0.0,-39.77557822770599,-39.77557822770599,1.0,249,1.0
0.2267645292911668,0.0,1.0,0.3401467939367502,0.0,0.0,0.6666666666666666,0.0,0.0,-21.56122526001828,-21.56122526001829,1.0,250,1.0
1.851384541939052,0.09279045817254664,1.0,2.777076812908578,0.0,0.0,0.6666666666666666,0.0,0.0,-77.4684721793028,-77.4684721793028,1.0,251,1.0
0.5041422523805884,0.03231390531679871,1.0,0.7562133785708827,0.0,0.0,0.6666666666666666,0.0,0.0,-27.91087958077635,-27.91087958077635,1.0,252,1.0
0.9563802666380092,0.6294867077088323,1.0,1.434570399957014,0.0,0.0,0.6666666666666666,0.0,0.0,-113.2859988298232,-113.2859988298232,1.0,253,1.0
0.2209525895447363,0.0,1.0,0.3314288843171045,0.0,0.0,0.6666666666666666,0.0,0.0,-15.35121160760894,-15.35121160760894,1.0,254,1.0
0.3562794615320566,0.0,1.0,0.534419192298085,0.0,0.0,0.6666666666666666,0.0,0.0,-22.8243888851297,-22.8243888851297,1.0,255,1.0
1.767515792176859,0.133367003088414,1.0,2.651273688265289,0.0,0.0,0.6666666666666666,0.0,0.0,-63.86362008079151,-63.86362008079151,1.0,256,1.0
1.717300898644566,0.0,1.0,2.575951347966849,0.0,0.0,0.6666666666666666,0.0,0.0,-40.1160055367131,-40.1160055367131,1.0,257,1.0
0.2302055097949428,0.0,1.0,0.3453082646924143,0.0,0.0,0.6666666666666666,0.0,0.0,-14.83928852246896,-14.83928852246896,1.0,258,1.0
1.007747511522973,0.04231458826199359,1.0,1.511621267284459,0.0,0.0,0.6666666666666666,0.0,0.0,-51.67568582895361,-51.67568582895361,1.0,259,1.0
0.5226575643949645,0.0,1.0,0.7839863465924465,0.0,0.0,0.6666666666666666,0.0,0.0,-41.49500275731246,-41.49500275731246,1.0,260,1.0
0.7354930752990315,0.05234386458997075,1.0,1.103239612948548,0.0,0.0,0.6666666666666666,0.0,0.0,-66.86474239024227,-66.86474239024227,1.0,261,1.0
0.5594655785751956,0.2409610792513679,1.0,0.8391983678627933,0.0,0.0,0.6666666666666666,0.0,0.0,-81.58898024175468,-81.58898024175468,1.0,262,1.0
0.6627515155551569,0.0,1.0,0.9941272733327353,0.0,0.0,0.6666666666666666,0.0,0.0,-48.57055682875679,-48.57055682875679,1.0,263,1.0
0.4335866161249533,0.0,1.0,0.6503799241874298,0.0,0.0,0.6666666666666666,0.0,0.0,-26.19133768161628,-26.19133768161628,1.0,264,1.0
1.000000000000005,0.0,1.0,1.500000000000008,0.0,0.0,0.6666666666666666,0.0,0.0,-25.7262498958715,-25.7262498958715,1.0,265,1.0
0.3279044109825289,0.0,1.0,0.4918566164737934,0.0,0.0,0.6666666666666666,0.0,0.0,-20.27925511367739,-20.27925511367739,1.0,266,1.0
0.0,0.0,1.0,0.0,0.0,0.0,1.0,0.0,0.0,0.0,0.0,1.0,267,1.0
0.5507210219198544,0.03781551362849387,1.0,0.8260815328797817,0.0,0.0,0.6666666666666666,0.0,0.0,-33.63121729623478,-33.63121729623478,1.0,268,1.0
0.0,0.0,0.01,0.04816009007625729,0.99,0.4253241779324597,0.4507117453867481,1.0,0.0,-10.88339459257439,-10.88329781628579,0.9999032283940683,269,1.0
0.0,0.0,1.0,0.0,0.0,0.0,1.0,0.0,0.0,0.0,0.0,1.0,270,1.0
0.0,0.0,1.0,0.0,0.0,0.0,1.0,0.0,0.0,0.0,0.0,1.0,271,1.0
0.0,0.0,1.0,0.0,0.0,0.0,1.0,0.0,0.0,0.0,0.0,1.0,272,1.0
0.0,0.0,1.0,0.0,0.0,0.0,1.0,0.0,0.0,0.0,0.0,1.0,273,1.0
0.0,0.0,1.0,0.0,0.0,0.0,1.0,0.0,0.0,0.0,0.0,1.0,274,1.0
0.0,0.0,1.0,0.0,0.0,0.0,1.0,0.0,0.0,0.0,0.0,1.0,275,1.0
0.0,0.0,1.0,0.0,0.0,0.0,1.0,0.0,0.0,0.0,0.0,1.0,276,1.0
0.0,0.0,1.0,0.0,0.0,0.0,1.0,0.0,0.0,0.0,0.0,1.0,277,1.0
0.0,0.0,1.0,0.0,0.0,0.0,1.0,0.0,0.0,0.0,0.0,1.0,278,1.0
0.0,0.0,1.0,0.0,0.0,0.0,1.0,0.0,0.0,0.0,0.0,1.0,279,1.0
0.0,0.0,1.0,0.0,0.0,0.0,1.0,0.0,0.0,0.0,0.0,1.0,280,1.0
0.0,0.0,1.0,0.0,0.0,0.0,1.0,0.0,0.0,0.0,0.0,1.0,281,1.0
0.0,0.0,1.0,0.0,0.0,0.0,1.0,0.0,0.0,0.0,0.0,1.0,282,1.0
0.0,0.0,1.0,0.0,0.0,0.0,1.0,0.0,0.0,0.0,0.0,1.0,283,1.0
0.0,0.0,1.0,0.0,0.0,0.0,1.0,0.0,0.0,0.0,0.0,1.0,284,1.0
0.0,0.0,1.0,0.0,0.0,0.0,1.0,0.0,0.0,0.0,0.0,1.0,285,1.0
0.0,0.0,1.0,0.0,0.0,0.0,1.0,0.0,0.0,0.0,0.0,1.0,286,1.0
0.0,0.0,1.0,0.0,0.0,0.0,1.0,0.0,0.0,0.0,0.0,1.0,287,1.0
0.0,0.0,1.0,0.0,0.0,0.0,1.0,0.0,0.0,0.0,0.0,1.0,288,1.0
0.0,0.0,1.0,0.0,0.0,0.0,1.0,0.0,0.0,0.0,0.0,1.0,289,1.0
0.0,0.0,1.0,0.0,0.0,0.0,1.0,0.0,0.0,0.0,0.0,1.0,290,1.0
0.0,0.0,1.0,0.0,0.0,0.0,1.0,0.0,0.0,0.0,0.0,1.0,291,1.0
0.0,0.0,1.0,0.0,0.0,0.0,1.0,0.0,0.0,0.0,0.0,1.0,292,1.0
1.806227915896207,0.2725210650077637,1.0,2.70934187384431,0.0,0.0,0.6666666666666666,0.0,0.0,-96.40538919056736,-96.40538919056735,0.9999999999999858,293,1.0
2.834581734000372,0.1178768702877557,1.0,4.251872601000559,0.0,0.0,0.6666666666666666,0.0,0.0,-92.57759392249942,-92.57759392249942,1.0,294,1.0
0.5677877383184688,0.03526201489076478,1e-08,0.6829195059116638,0.99999999,0.1482325206816029,0.5505424223476447,0.0,0.0,-119.2414367419096,-119.2391888969691,0.9977546795708986,295,1.0
1.871985784251016,0.07286225508047754,0.9789006541424492,12.40056590844292,0.0210993458575508,1.081069698462784,0.3030976203143581,2.0,0.0,-105.967541221363,-103.5440546612879,0.08861212674525265,296,1.0
1.243801499275219,0.08923887864992557,1.0,1.865702248912829,0.0,0.0,0.6666666666666666,0.0,0.0,-61.53488796303679,-61.53488796303679,1.0,297,1.0
0.0,0.0,1e-08,0.2146665950005472,0.99999999,0.08621249150617416,0.581911431714228,4.0,0.0,-37.76564454395004,-37.76499555149632,0.9993512180962987,298,1.0
0.563600743509604,0.05334382648811388,1.0,0.8454011152644061,0.0,0.0,0.6666666666666666,0.0,0.0,-46.20141914200678,-46.20141914200678,1.0,299,1.0
1.232190602701001,0.5928620646492584,1.0,1.848285904051502,0.0,0.0,0.6666666666666666,0.0,0.0,-108.6040389653603,-108.6040389653603,1.0,300,1.0
0.6309384228702131,0.03909530418612382,1.0,0.9464076343053196,0.0,0.0,0.6666666666666666,0.0,0.0,-23.38252257004849,-23.38252257004849,1.0,301,1.0
0.8222911158222694,0.08160020151273258,1.0,1.233436673733404,0.0,0.0,0.6666666666666666,0.0,0.0,-33.48943930278008,-33.48943930278008,1.0,302,1.0
1.939453606813998,0.0,1.0,2.909180410220998,0.0,0.0,0.6666666666666666,0.0,0.0,-29.81586114815559,-29.81586114815559,1.0,303,1.0
0.3552536344272831,0.0,1.0,0.5328804516409247,0.0,0.0,0.6666666666666666,0.0,0.0,-29.83776335063646,-29.83776335063646,1.0,304,1.0
0.4601132334450805,0.1007233622135856,1.0,0.6901698501676208,0.0,0.0,0.6666666666666666,0.0,0.0,-29.16069974847262,-29.16069974847262,1.0,305,1.0
3.359044305740826,0.1968393923831567,1.0,5.038566458611238,0.0,0.0,0.6666666666666666,0.0,0.0,-132.2195794374206,-132.2195794374206,1.0,306,1.0
1.300707561659329,0.0,1.0,1.951061342488994,0.0,0.0,0.6666666666666666,0.0,0.0,-47.89138910384649,-47.89138910384649,1.0,307,1.0
1.319080591553814,0.0,1.0,1.978620887330722,0.0,0.0,0.6666666666666666,0.0,0.0,-44.23127809044622,-44.23127809044622,1.0,308,1.0
0.3566507684154765,0.0,1.0,0.5349761526232149,0.0,0.0,0.6666666666666666,0.0,0.0,-23.37474356301149,-23.37474356301149,1.0,309,1.0
0.262732989564093,0.0,1.0,0.3940994843461394,0.0,0.0,0.6666666666666666,0.0,0.0,-16.50524367050005,-16.50524367050005,1.0,310,1.0
0.0,0.0,1.0,0.0,0.0,0.0,1.0,0.0,0.0,0.0,0.0,1.0,311,1.0
0.9254340864353539,0.0,1.0,1.38815112965303,0.0,0.0,0.6666666666666666,0.0,0.0,-27.97957391021709,-27.97957391021709,1.0,312,1.0
0.1169191669036706,0.0,1.0,0.1753787503555059,0.0,0.0,0.6666666666666666,0.0,0.0,-11.04332910456624,-11.04332910456624,1.0,313,1.0
0.2290302031181265,0.0,1.0,0.3435453046771898,0.0,0.0,0.6666666666666666,0.0,0.0,-10.38964189329675,-10.38964189329675,1.0,314,1.0
0.5685371791262792,6.049326658440888e-05,0.9957652380271258,74.7005507412636,0.004234761972874201,7.832815269013039,0.008840433587723684,1.0,0.0,-64.714387726967,-58.18195107297132,0.001455455085178192,315,0.6285737794211387
0.2322659404992092,0.0,1.0,0.3483989107488139,0.0,0.0,0.6666666666666666,0.0,0.0,-17.08282281097049,-17.08282281097049,1.0,316,1.0
1.954659062411072,0.0,1.0,2.931988593616608,0.0,0.0,0.6666666666666666,0.0,0.0,-82.13232946457438,-82.13232946457438,1.0,317,1.0
0.8980940579738214,0.0,0.9953569400910485,52.75754336970512,0.00464305990895153,2.075183150413565,0.174826148537549,1.0,0.0,-44.58041060426805,-43.54382321468384,0.3546629455483021,318,1.0
1.006410864793213,0.0,1.0,1.509616297189819,0.0,0.0,0.6666666666666666,0.0,0.0,-72.18168108783726,-72.18168108783726,1.0,319,1.0
1.196855675873871,0.0,0.9207169568032352,9.930097937094738,0.07928304319676482,2.919562622725181,0.111425399266221,7.0,0.0,-124.0420126209638,-121.979083218154,0.1270811522170898,320,1.0
2.080966463861639,0.0314125668453842,0.9924980610123526,3.224783400565398,0.007501938987647394,-0.4091012307240902,0.6666666666666666,0.0,0.0,-44.96931269290609,-44.93466436138763,0.965945048961863,321,1.0
0.2195058411084556,0.0,1.0,0.3292587616626834,0.0,0.0,0.6666666666666666,0.0,0.0,-10.06511073373144,-10.06511073373144,1.0,322,1.0
0.2394247996423251,0.03604872050093455,1.0,0.3591371994634877,0.0,0.0,0.6666666666666666,0.0,0.0,-25.85570977493622,-25.85570977493622,1.0,323,1.0
0.2117902001068985,0.03332450966124299,1.0,0.3176853001603477,0.0,0.0,0.6666666666666666,0.0,0.0,-19.89761532715587,-19.89761532715587,1.0,324,1.0
0.3362784178971492,0.04317004507354273,1.0,0.5044176268457238,0.0,0.0,0.6666666666666666,0.0,0.0,-36.80282165520582,-36.80282165520582,1.0,325,1.0
0.6847831326307868,0.0,1.0,1.027174698946181,0.0,0.0,0.6666666666666666,0.0,0.0,-46.27267980313039,-46.27267980313039,1.0,326,1.0
1.139503907754794,0.0,1.0,1.709255861632191,0.0,0.0,0.6666666666666666,0.0,0.0,-30.0348701810705,-30.0348701810705,1.0,327,1.0
1.691481065921398,0.03727386097196096,1.0,2.537221598882097,0.0,0.0,0.6666666666666666,0.0,0.0,-69.35169489357004,-69.35169489357004,1.0,328,1.0
1.058817942264902,0.0,1.0,1.588226913397353,0.0,0.0,0.6666666666666666,0.0,0.0,-75.02392931250961,-75.02392931250961,1.0,329,1.0
0.4985705768731795,0.04404035702275663,1.0,0.7478558653097693,0.0,0.0,0.6666666666666666,0.0,0.0,-55.80062126809371,-55.80062126809371,1.0,330,1.0
1.599455913937845,0.1493401446211214,1.0,2.399183870906767,0.0,0.0,0.6666666666666666,0.0,0.0,-94.85299637512739,-94.85299637512739,1.0,331,1.0
1.38485086949205,0.0,1.0,2.077276304238075,0.0,0.0,0.6666666666666666,0.0,0.0,-53.63181759658015,-53.63181759658015,1.0,332,1.0
0.9601837672281806,0.0,1.0,1.440275650842271,0.0,0.0,0.6666666666666666,0.0,0.0,-52.52487031808097,-52.52487031808096,0.9999999999999858,333,1.0
0.2961054153926647,0.04460314349408932,1.0,0.444158123088997,0.0,0.0,0.6666666666666666,0.0,0.0,-34.48472830499804,-34.48472830499804,1.0,334,1.0
1.154785390749333,0.1753893290721941,1.0,1.980856317635072,0.0,0.0,0.6666666666666666,0.0,0.0,-69.98679931933826,-69.97533369057496,0.9885998510628488,335,1.0
1.211933661565989,0.0,1.0,1.817900492348984,0.0,0.0,0.6666666666666666,0.0,0.0,-44.64290541848231,-44.64290541848231,1.0,336,1.0
0.7163061488394181,0.0,0.9922092686563837,143.7696361588034,0.007790731343616297,15.60781907508553,0.000173029450513007,2.0,0.0,-66.51534482266922,-54.10795709245959,4.088273802604903e-06,337,0.10848946547165539
2.098625207544687,0.1570581729524589,1.0,3.147937811317031,0.0,0.0,0.6666666666666666,0.0,0.0,-66.19141149391444,-66.19141149391444,1.0,338,1.0
3.783928988554072,0.0,1.0,5.67589348283111,0.0,0.0,0.6666666666666666,0.0,0.0,-49.83547198979991,-49.83547198979991,1.0,339,1.0
1.435905473702906,0.0,0.988073438503259,5.263887326407906,0.01192656149674098,1.023621699230091,0.3132817979568088,1.0,0.0,-44.74694697816903,-41.25204780327149,0.03035180850813368,340,1.0
1.436318918192561,0.1581826640424098,1.0,2.154478377288843,0.0,0.0,0.6666666666666666,0.0,0.0,-109.2850919403105,-109.2850919403105,1.0,341,1.0
1.148535515986127,0.0,1.0,1.722803273979191,0.0,0.0,0.6666666666666666,0.0,0.0,-73.78223455076946,-73.78223455076946,1.0,342,1.0
0.0,0.0,1.0,0.0,0.0,0.0,1.0,0.0,0.0,0.0,0.0,1.0,343,1.0
0.0,0.0,1.0,0.0,0.0,0.0,1.0,0.0,0.0,0.0,0.0,1.0,344,1.0
0.0,0.0,1.0,0.0,0.0,0.0,1.0,0.0,0.0,0.0,0.0,1.0,345,1.0
0.0,0.0,1.0,0.0,0.0,0.0,1.0,0.0,0.0,0.0,0.0,1.0,346,1.0
0.2343213929131336,0.08469348645453952,1.0,0.3514820893697004,0.0,0.0,0.6666666666666666,0.0,0.0,-27.00687305906596,-27.00687305906597,1.0,347,1.0
0.912612441057142,0.0,1.0,1.368918661585713,0.0,0.0,0.6666666666666666,0.0,0.0,-29.13832661461622,-29.13832661461622,1.0,348,1.0
2.547257336011323,0.1331778890668517,1.0,3.820886004016986,0.0,0.0,0.6666666666666666,0.0,0.0,-111.244841609714,-111.244841609714,1.0,349,1.0
1.136674713171966,0.0,1.0,1.705012069757948,0.0,0.0,0.6666666666666666,0.0,0.0,-68.62659890245507,-68.62659890245507,1.0,350,1.0
0.4686123060675302,0.0,1.0,0.7029184591012955,0.0,0.0,0.6666666666666666,0.0,0.0,-35.99473266775202,-35.99473266775202,1.0,351,1.0
0.9722294113044521,0.0,1.0,1.458344116956678,0.0,0.0,0.6666666666666666,0.0,0.0,-23.67480995966362,-23.67480995966362,1.0,352,1.0
0.8764727946376722,0.0,1.0,1.314709191956508,0.0,0.0,0.6666666666666666,0.0,0.0,-23.67348214798414,-23.67348214798414,1.0,353,1.0
2.476086194059304,0.0,1.0,3.714129291088957,0.0,0.0,0.6666666666666666,0.0,0.0,-59.89380574636222,-59.89380574636222,1.0,354,1.0
1.612911457004346,0.0,1.0,2.419367185506518,0.0,0.0,0.6666666666666666,0.0,0.0,-34.28501409079631,-34.28501409079631,1.0,355,1.0
0.842298712926539,0.0,1.0,1.263448069389808,0.0,0.0,0.6666666666666666,0.0,0.0,-58.41665889104949,-58.41665889104949,1.0,356,1.0
1.829385320453571,0.1403229647770682,1.0,2.744077980680357,0.0,0.0,0.6666666666666666,0.0,0.0,-83.65118088949596,-83.65118088949596,1.0,357,1.0
1.672384250776103,0.0446913055861963,1.0,2.508576376164154,0.0,0.0,0.6666666666666666,0.0,0.0,-70.3770756416735,-70.3770756416735,1.0,358,1.0
1.563493612294224,0.0,0.9875456269869686,19.10902977400425,0.01245437301303143,4.885426762793315,0.03999768093573774,2.0,0.0,-80.299650405399,-74.23304196811708,0.002319025007022191,359,1.0
1.986525579581799,0.0,1.0,2.979788369372697,0.0,0.0,0.6666666666666666,0.0,0.0,-83.77119458130645,-83.77119458130645,1.0,360,1.0
2.958444068615618,0.0,1.0,4.437666102923427,0.0,0.0,0.6666666666666666,0.0,0.0,-44.93449944103239,-44.93449944103239,1.0,361,1.0
2.064625557701889,0.0,1.0,3.096938336552831,0.0,0.0,0.6666666666666666,0.0,0.0,-71.99537158746772,-71.99537158746772,1.0,362,1.0
1.227090865906876,0.04514249196564162,1.0,1.840636298860314,0.0,0.0,0.6666666666666666,0.0,0.0,-85.60075071935847,-85.60075071935847,1.0,363,1.0
1.017191574758598,0.0535047090232389,1.0,1.525787362137896,0.0,0.0,0.6666666666666666,0.0,0.0,-70.91061057141127,-70.91061057141127,1.0,364,1.0
1.460579608119214,0.0,1.0,2.190869412178821,0.0,0.0,0.6666666666666666,0.0,0.0,-26.84829983334588,-26.84829983334588,1.0,365,1.0
0.0,0.0,1.0,0.0,0.0,0.0,1.0,0.0,0.0,0.0,0.0,1.0,366,1.0
0.0,0.0,1.0,0.0,0.0,0.0,1.0,0.0,0.0,0.0,0.0,1.0,367,1.0
0.0,0.0,1.0,0.0,0.0,0.0,1.0,0.0,0.0,0.0,0.0,1.0,368,1.0
0.0,0.0,1.0,0.0,0.0,0.0,1.0,0.0,0.0,0.0,0.0,1.0,369,1.0
0.0,0.0,1.0,0.0,0.0,0.0,1.0,0.0,0.0,0.0,0.0,1.0,370,1.0
0.0,0.0,1.0,0.0,0.0,0.0,1.0,0.0,0.0,0.0,0.0,1.0,371,1.0
0.0,0.0,1.0,0.0,0.0,0.0,1.0,0.0,0.0,0.0,0.0,1.0,372,1.0
0.0,0.0,1.0,0.0,0.0,0.0,1.0,0.0,0.0,0.0,0.0,1.0,373,1.0
0.0,0.0,1e-08,5.836173220050809,0.99999999,0.5137990980532603,0.4256464904746097,0.0,0.0,-7.064663161870298,-7.060621545757147,0.9959665402250799,374,1.0
0.0,0.0,1.0,0.0,0.0,0.0,1.0,0.0,0.0,0.0,0.0,1.0,375,1.0
0.0,0.0,1.0,0.0,0.0,0.0,1.0,0.0,0.0,0.0,0.0,1.0,376,1.0
0.0,0.0,1.0,0.0,0.0,0.0,1.0,0.0,0.0,0.0,0.0,1.0,377,1.0
0.0,0.0,1.0,0.0,0.0,0.0,1.0,0.0,0.0,0.0,0.0,1.0,378,1.0
0.0,0.0,1.0,0.0,0.0,0.0,1.0,0.0,0.0,0.0,0.0,1.0,379,1.0
159.0000000000034,0.0,1.0,238.5000000000083,0.0,0.0,0.6666666666666666,0.0,0.0,-5.119428825476389,-5.119428825476389,1.0,380,1.0
0.0,0.0,1.0,0.0,0.0,0.0,1.0,0.0,0.0,0.0,0.0,1.0,381,1.0
0.01727392429951406,0.0005768960202711425,1e-08,34.30392616932932,0.99999999,1.076240624050936,0.3039384017173448,0.0,0.0,-6.605899928052297,-6.60337292788646,0.9974761900111925,382,1.0
0.0,0.0,1.0,0.0,0.0,0.0,1.0,0.0,0.0,0.0,0.0,1.0,383,1.0
0.0,0.0,1.0,0.0,0.0,0.0,1.0,0.0,0.0,0.0,0.0,1.0,384,1.0
0.0,0.0,1e-08,4.096954201219126,0.99999999,0.4204068976138835,0.4521739858271777,0.0,0.0,-6.231634563553144,-6.231915430814507,1.0,385,1.0
0.0,0.0,1.0,0.0,0.0,0.0,1.0,0.0,0.0,0.0,0.0,1.0,386,1.0
0.0,0.0,1.0,0.0,0.0,0.0,1.0,0.0,0.0,0.0,0.0,1.0,387,1.0
0.0,0.0,1.0,0.0,0.0,0.0,1.0,0.0,0.0,0.0,0.0,1.0,388,1.0
0.0,0.0,1.0,0.0,0.0,0.0,1.0,0.0,0.0,0.0,0.0,1.0,389,1.0
0.0,0.0,1.0,0.0,0.0,0.0,1.0,0.0,0.0,0.0,0.0,1.0,390,1.0
0.0,0.0,1.0,0.0,0.0,0.0,1.0,0.0,0.0,0.0,0.0,1.0,391,1.0
0.0,0.0,1.0,0.0,0.0,0.0,1.0,0.0,0.0,0.0,0.0,1.0,392,1.0
0.0,0.0,1.0,0.0,0.0,0.0,1.0,0.0,0.0,0.0,0.0,1.0,393,1.0
0.0,0.0,1.0,0.0,0.0,0.0,1.0,0.0,0.0,0.0,0.0,1.0,394,1.0
0.0,0.0,1.0,0.0,0.0,0.0,1.0,0.0,0.0,0.0,0.0,1.0,395,1.0
0.0001801717592225634,7.724505706387067e-06,1e-08,4.931617955688909,0.99999999,0.8470933508158076,0.3472770009132742,0.0,0.0,-6.413299791134534,-6.413549886912082,1.0,396,1.0
0.0,0.0,1.0,0.0,0.0,0.0,1.0,0.0,0.0,0.0,0.0,1.0,397,1.0
0.0,0.0,1.0,0.0,0.0,0.0,1.0,0.0,0.0,0.0,0.0,1.0,398,1.0
0.0,0.0,1e-08,10.92712977960581,0.99999999,0.795799509662455,0.3580064326227156,0.0,0.0,-6.316904358700725,-6.31737458666228,1.0,399,1.0
0.0,0.0,1.0,0.0,0.0,0.0,1.0,0.0,0.0,0.0,0.0,1.0,400,1.0
0.0,0.0,1.0,0.0,0.0,0.0,1.0,0.0,0.0,0.0,0.0,1.0,401,1.0
0.0,0.0,1.0,0.0,0.0,0.0,1.0,0.0,0.0,0.0,0.0,1.0,402,1.0
0.0,0.0,1.0,0.0,0.0,0.0,1.0,0.0,0.0,0.0,0.0,1.0,403,1.0
0.0,0.0,1.0,0.0,0.0,0.0,1.0,0.0,0.0,0.0,0.0,1.0,404,1.0
0.0,0.0,1.0,0.0,0.0,0.0,1.0,0.0,0.0,0.0,0.0,1.0,405,1.0
0.0,0.0,1.0,0.0,0.0,0.0,1.0,0.0,0.0,0.0,0.0,1.0,406,1.0
0.0,0.0,1.0,0.0,0.0,0.0,1.0,0.0,0.0,0.0,0.0,1.0,407,1.0
0.0,0.0,1.0,0.0,0.0,0.0,1.0,0.0,0.0,0.0,0.0,1.0,408,1.0
0.0,0.0,0.04277587890625,9.864721485411154,0.95722412109375,0.4535720491109814,0.4424598705573185,0.0,0.0,-6.148118526066681,-6.147635233796212,0.9995168244964034,409,1.0
0.0,0.0,1.0,0.0,0.0,0.0,1.0,0.0,0.0,0.0,0.0,1.0,410,1.0
0.0,0.0,1.0,0.0,0.0,0.0,1.0,0.0,0.0,0.0,0.0,1.0,411,1.0
0.0,0.0,1.0,0.0,0.0,0.0,1.0,0.0,0.0,0.0,0.0,1.0,412,1.0
0.0,0.0,1.0,0.0,0.0,0.0,1.0,0.0,0.0,0.0,0.0,1.0,413,1.0
0.0,0.0,1.0,0.0,0.0,0.0,1.0,0.0,0.0,0.0,0.0,1.0,414,1.0
0.0,0.0,1.0,0.0,0.0,0.0,1.0,0.0,0.0,0.0,0.0,1.0,415,1.0
0.0,0.0,1.0,0.0,0.0,0.0,1.0,0.0,0.0,0.0,0.0,1.0,416,1.0
0.0,0.0,1.0,0.0,0.0,0.0,1.0,0.0,0.0,0.0,0.0,1.0,417,1.0
0.0,0.0,1.0,0.0,0.0,0.0,1.0,0.0,0.0,0.0,0.0,1.0,418,1.0
0.0,0.0,1.0,0.0,0.0,0.0,1.0,0.0,0.0,0.0,0.0,1.0,419,1.0
0.0,0.0,1.0,0.0,0.0,0.0,1.0,0.0,0.0,0.0,0.0,1.0,420,1.0
0.0,0.0,1.0,0.0,0.0,0.0,1.0,0.0,0.0,0.0,0.0,1.0,421,1.0
0.0,0.0,1.0,0.0,0.0,0.0,1.0,0.0,0.0,0.0,0.0,1.0,422,1.0
0.0,0.0,1.0,0.0,0.0,0.0,1.0,0.0,0.0,0.0,0.0,1.0,423,1.0
0.0,0.0,1.0,0.0,0.0,0.0,1.0,0.0,0.0,0.0,0.0,1.0,424,1.0
0.0,0.0,1.0,0.0,0.0,0.0,1.0,0.0,0.0,0.0,0.0,1.0,425,1.0
0.0,0.0,1.0,0.0,0.0,0.0,1.0,0.0,0.0,0.0,0.0,1.0,426,1.0
0.0,0.0,1.0,0.0,0.0,0.0,1.0,0.0,0.0,0.0,0.0,1.0,427,1.0
0.0,0.0,1.0,0.0,0.0,0.0,1.0,0.0,0.0,0.0,0.0,1.0,428,1.0
0.0,0.0,1.0,0.0,0.0,0.0,1.0,0.0,0.0,0.0,0.0,1.0,429,1.0
0.0,0.0,1e-08,5.855301833701235,0.99999999,0.6969652423980879,0.3799195892444298,0.0,0.0,-5.480872867659626,-5.480872296648041,0.9999994289885783,430,1.0
0.0,0.0,1.0,0.0,0.0,0.0,1.0,0.0,0.0,0.0,0.0,1.0,431,1.0
0.0,0.0,1.0,0.0,0.0,0.0,1.0,0.0,0.0,0.0,0.0,1.0,432,1.0
0.0,0.0,1.0,0.0,0.0,0.0,1.0,0.0,0.0,0.0,0.0,1.0,433,1.0
0.0,0.0,1.0,0.0,0.0,0.0,1.0,0.0,0.0,0.0,0.0,1.0,434,1.0
0.0,0.0,1.0,0.0,0.0,0.0,1.0,0.0,0.0,0.0,0.0,1.0,435,1.0
0.0,0.0,1.0,0.0,0.0,0.0,1.0,0.0,0.0,0.0,0.0,1.0,436,1.0
11.58371735791094,0.0,1.0,17.37557603686642,0.0,0.0,0.6666666666666666,0.0,0.0,-5.565787953262422,-5.565787953262423,1.0,437,1.0
0.0,0.0,1.0,0.0,0.0,0.0,1.0,0.0,0.0,0.0,0.0,1.0,438,1.0
0.0,0.0,1.0,0.0,0.0,0.0,1.0,0.0,0.0,0.0,0.0,1.0,439,1.0
0.0,0.0,1.0,0.0,0.0,0.0,1.0,0.0,0.0,0.0,0.0,1.0,440,1.0
0.0,0.0,1.0,0.0,0.0,0.0,1.0,0.0,0.0,0.0,0.0,1.0,441,1.0
159.0000000000034,0.0,1.0,238.5000000000083,0.0,0.0,0.6666666666666666,0.0,0.0,-5.658763103094656,-5.658763103094656,1.0,442,1.0
0.0,0.0,1e-08,35.87319665742965,0.99999999,0.8985903710929097,0.3369098202703639,0.0,0.0,-7.018330971095561,-7.016024009309907,0.9976956972054434,443,1.0
0.0,0.0,1.0,0.0,0.0,0.0,1.0,0.0,0.0,0.0,0.0,1.0,444,1.0
0.0,0.0,1.0,0.0,0.0,0.0,1.0,0.0,0.0,0.0,0.0,1.0,445,1.0
0.0,0.0,1.0,0.0,0.0,0.0,1.0,0.0,0.0,0.0,0.0,1.0,446,1.0
0.0,0.0,1.0,0.0,0.0,0.0,1.0,0.0,0.0,0.0,0.0,1.0,447,1.0
0.0,0.0,1.0,0.0,0.0,0.0,1.0,0.0,0.0,0.0,0.0,1.0,448,1.0
0.0,0.0,1.0,0.0,0.0,0.0,1.0,0.0,0.0,0.0,0.0,1.0,449,1.0
163.7931367174266,6.475165210360236,1.0,21.39549329542563,0.0,0.0,0.6666666666666666,0.0,0.0,-8.009338919292148,-8.000232247699312,0.9909346685548832,450,1.0
0.0,0.0,1.0,0.0,0.0,0.0,1.0,0.0,0.0,0.0,0.0,1.0,451,1.0
0.0,0.0,1.0,0.0,0.0,0.0,1.0,0.0,0.0,0.0,0.0,1.0,452,1.0
0.0,0.0,1.0,0.0,0.0,0.0,1.0,0.0,0.0,0.0,0.0,1.0,453,1.0
0.0,0.0,1.0,0.0,0.0,0.0,1.0,0.0,0.0,0.0,0.0,1.0,454,1.0
0.0,0.0,1.0,0.0,0.0,0.0,1.0,0.0,0.0,0.0,0.0,1.0,455,1.0
0.0,0.0,1.0,0.0,0.0,0.0,1.0,0.0,0.0,0.0,0.0,1.0,456,1.0
0.0,0.0,1e-08,7.970431217439607,0.99999999,0.6149823297816397,0.3994815056250949,0.0,0.0,-7.075088298891106,-7.063353308899615,0.9883335964537118,457,1.0
0.0,0.0,1.0,0.0,0.0,0.0,1.0,0.0,0.0,0.0,0.0,1.0,458,1.0
0.0,0.0,1.0,0.0,0.0,0.0,1.0,0.0,0.0,0.0,0.0,1.0,459,1.0
0.0,0.0,1.0,0.0,0.0,0.0,1.0,0.0,0.0,0.0,0.0,1.0,460,1.0
0.0,0.0,1.0,0.0,0.0,0.0,1.0,0.0,0.0,0.0,0.0,1.0,461,1.0
0.0,0.0,1.0,0.0,0.0,0.0,1.0,0.0,0.0,0.0,0.0,1.0,462,1.0
0.0,0.0,1.0,0.0,0.0,0.0,1.0,0.0,0.0,0.0,0.0,1.0,463,1.0
0.0,0.0,1.0,0.0,0.0,0.0,1.0,0.0,0.0,0.0,0.0,1.0,464,1.0
0.0,0.0,1.0,0.0,0.0,0.0,1.0,0.0,0.0,0.0,0.0,1.0,465,1.0
0.0,0.0,1.0,0.0,0.0,0.0,1.0,0.0,0.0,0.0,0.0,1.0,466,1.0
0.0,0.0,1.0,0.0,0.0,0.0,1.0,0.0,0.0,0.0,0.0,1.0,467,1.0
0.0,0.0,1.0,0.0,0.0,0.0,1.0,0.0,0.0,0.0,0.0,1.0,468,1.0
0.0,0.0,1.0,0.0,0.0,0.0,1.0,0.0,0.0,0.0,0.0,1.0,469,1.0
0.0,0.0,1.0,0.0,0.0,0.0,1.0,0.0,0.0,0.0,0.0,1.0,470,1.0
0.0,0.0,1.0,0.0,0.0,0.0,1.0,0.0,0.0,0.0,0.0,1.0,471,1.0
0.0,0.0,1.0,0.0,0.0,0.0,1.0,0.0,0.0,0.0,0.0,1.0,472,1.0
0.0,0.0,1.0,0.0,0.0,0.0,1.0,0.0,0.0,0.0,0.0,1.0,473,1.0
0.0,0.0,1.0,0.0,0.0,0.0,1.0,0.0,0.0,0.0,0.0,1.0,474,1.0
0.0,0.0,1.0,0.0,0.0,0.0,1.0,0.0,0.0,0.0,0.0,1.0,475,1.0
0.0,0.0,1.0,0.0,0.0,0.0,1.0,0.0,0.0,0.0,0.0,1.0,476,1.0
13.72322070452913,0.0,1.0,20.58483105679367,0.0,0.0,0.6666666666666666,0.0,0.0,-5.302793775687922,-5.302793775687923,1.0,477,1.0
0.0,0.0,1.0,0.0,0.0,0.0,1.0,0.0,0.0,0.0,0.0,1.0,478,1.0
0.0,0.0,1.0,0.0,0.0,0.0,1.0,0.0,0.0,0.0,0.0,1.0,479,1.0
0.0,0.0,1e-08,9.190441019261781,0.99999999,1.383073229379047,0.2555023489000255,0.0,0.0,-7.20164473647109,-7.201832695264376,1.0,480,1.0
0.0,0.0,1e-08,6.099786581732737,0.99999999,0.6827306281081995,0.3832207793455252,0.0,0.0,-5.506541353087652,-5.506411734487601,0.9998703898000705,481,1.0
9.733752620545063,0.0,1.0,14.60062893081759,0.0,0.0,0.6666666666666666,0.0,0.0,-5.611725026710032,-5.611725026710032,1.0,482,1.0
0.0,0.0,1e-08,3.361042348744981,0.99999999,0.3900195219291902,0.4613898384784388,0.0,0.0,-6.207138053347523,-6.207133332832108,0.9999952794957264,483,1.0
0.0,0.0,1.0,0.0,0.0,0.0,1.0,0.0,0.0,0.0,0.0,1.0,484,1.0
0.0,0.0,1.0,0.0,0.0,0.0,1.0,0.0,0.0,0.0,0.0,1.0,485,1.0
0.0,0.0,1.0,0.0,0.0,0.0,1.0,0.0,0.0,0.0,0.0,1.0,486,1.0
0.0,0.0,1.0,0.0,0.0,0.0,1.0,0.0,0.0,0.0,0.0,1.0,487,1.0
0.0,0.0,1e-08,31.90410821315243,0.99999999,2.675176698333043,0.1268191045840793,0.0,0.0,-9.398624832572986,-9.290366535225099,0.8973957715387186,488,1.0
0.0,0.0,0.8610399729615381,70.59051192846407,0.1389600270384619,0.928891778708536,0.3309891796751111,0.0,0.0,-9.638903888595488,-9.489149535196068,0.8609194323769858,489,1.0
0.0,0.0,1.0,0.0,0.0,0.0,1.0,0.0,0.0,0.0,0.0,1.0,490,1.0
0.0,0.0,1.0,0.0,0.0,0.0,1.0,0.0,0.0,0.0,0.0,1.0,491,1.0
0.0,0.0,1.0,0.0,0.0,0.0,1.0,0.0,0.0,0.0,0.0,1.0,492,1.0
1.084954277966676,0.04097694959428543,1.0,1.627431416950015,0.0,0.0,0.6666666666666666,0.0,0.0,-32.42033017471049,-32.42033017471049,1.0,493,1.0
0.564581559928257,0.04360974820099178,1.0,0.8468723398923853,0.0,0.0,0.6666666666666666,0.0,0.0,-39.27036308579909,-39.27036308579909,1.0,494,1.0
0.2451361867704296,0.0,1.0,0.3677042801556444,0.0,0.0,0.6666666666666666,0.0,0.0,-17.02224495625966,-17.02224495625966,1.0,495,1.0
1.681202925041991,0.0,0.9541317162106805,2.432667504597668,0.04586828378931951,0.07652429833835583,0.5875214289394253,2.0,0.0,-50.30793807982994,-48.29612802648529,0.1337463673877417,496,1.0
0.8075094549077655,0.0,1.0,1.211264182361648,0.0,0.0,0.6666666666666666,0.0,0.0,-53.91151537206302,-53.91151537206301,0.9999999999999858,497,1.0
0.7946967388800081,0.0,1.0,1.192045108320012,0.0,0.0,0.6666666666666666,0.0,0.0,-40.9921970696073,-40.9921970696073,1.0,498,1.0
1.09013576043097,0.09157545635669473,1.0,1.635203640646455,0.0,0.0,0.6666666666666666,0.0,0.0,-60.35312436835385,-60.35312436835385,1.0,499,1.0
0.6703730609779189,0.03822268762559398,1.0,1.005559591466879,0.0,0.0,0.6666666666666666,0.0,0.0,-40.61018000056074,-40.61018000056074,1.0,500,1.0
0.4561436057640524,0.0,1.0,0.6842154086460785,0.0,0.0,0.6666666666666666,0.0,0.0,-36.29357065767133,-36.29357065767133,1.0,501,1.0
0.7617551764281479,0.1310817347494488,1.0,1.142632764642222,0.0,0.0,0.6666666666666666,0.0,0.0,-46.48231077583082,-46.48231077583082,1.0,502,1.0
0.0,0.0,1.0,0.0,0.0,0.0,1.0,0.0,0.0,0.0,0.0,1.0,503,1.0
1.450438593211346,0.0,1.0,2.175657889817019,0.0,0.0,0.6666666666666666,0.0,0.0,-28.36932517267455,-28.36932517267455,1.0,504,1.0
0.4816751196805791,0.0,1.0,0.7225126795208687,0.0,0.0,0.6666666666666666,0.0,0.0,-15.77765066249467,-15.77765066249466,0.9999999999999893,505,1.0
2.357308251880093,0.0,1.0,3.535962377820139,0.0,0.0,0.6666666666666666,0.0,0.0,-49.77014204640916,-49.77014204640916,1.0,506,1.0
0.0,0.0,1.0,0.0,0.0,0.0,1.0,0.0,0.0,0.0,0.0,1.0,507,1.0
2.475903634060384,0.0,1.0,3.713855451090574,0.0,0.0,0.6666666666666666,0.0,0.0,-74.2152393511344,-74.2152393511344,1.0,508,1.0
1.990031402499871,0.0,1.0,2.985047103749806,0.0,0.0,0.6666666666666666,0.0,0.0,-74.59818634743063,-74.59818634743063,1.0,509,1.0
1.772606926832197,0.0,1.0,2.658910390248296,0.0,0.0,0.6666666666666666,0.0,0.0,-58.7751159527408,-58.7751159527408,1.0,510,1.0
1.39252336448599,0.0,1.0,2.088785046728984,0.0,0.0,0.6666666666666666,0.0,0.0,-60.84864958247867,-60.84864958247867,1.0,511,1.0
0.8175968760053745,0.0,1.0,1.226395314008062,0.0,0.0,0.6666666666666666,0.0,0.0,-55.26862227659055,-55.26862227659055,1.0,512,1.0
1.723449525424301,0.0,1.0,2.585174288136451,0.0,0.0,0.6666666666666666,0.0,0.0,-28.78514653192132,-28.78514653192132,1.0,513,1.0
1.011205930258702,0.0,1.0,1.516808895388053,0.0,0.0,0.6666666666666666,0.0,0.0,-21.47323350203208,-21.47323350203208,1.0,514,1.0
0.8306209169724801,0.0,1.0,1.24593137545872,0.0,0.0,0.6666666666666666,0.0,0.0,-20.10395233633356,-20.10395233633356,1.0,515,1.0
0.5304604505722689,0.0,1.0,0.7956906758584034,0.0,0.0,0.6666666666666666,0.0,0.0,-32.58441486686463,-32.58441486686463,1.0,516,1.0
1.363860999717867,0.6471662703648267,1.0,2.045791499576802,0.0,0.0,0.6666666666666666,0.0,0.0,-124.9694318155036,-124.9694318155036,1.0,517,1.0
0.2103719918635688,0.0,1.0,0.3155579877953533,0.0,0.0,0.6666666666666666,0.0,0.0,-9.561261097762108,-9.561261097762108,1.0,518,1.0
0.7263010938210032,0.0,1.0,1.089451640731504,0.0,0.0,0.6666666666666666,0.0,0.0,-33.09125833622031,-33.09125833622031,1.0,519,1.0
0.4894960143776774,0.0,1.0,0.7342440215665162,0.0,0.0,0.6666666666666666,0.0,0.0,-14.45228794574926,-14.45228794574926,1.0,520,1.0
0.8839871441795261,0.0,1.0,1.325980716269289,0.0,0.0,0.6666666666666666,0.0,0.0,-21.37825619548394,-21.37825619548394,1.0,521,1.0
1.27408860061517,0.0,1.0,1.911132900922755,0.0,0.0,0.6666666666666666,0.0,0.0,-56.58837218890835,-56.58837218890835,1.0,522,1.0
3.975344296093604,0.1419397957655489,1.0,5.963016444140404,0.0,0.0,0.6666666666666666,0.0,0.0,-110.7508085686203,-110.7508085686203,1.0,523,1.0
0.7335823382834572,0.0,1.0,1.100373507425186,0.0,0.0,0.6666666666666666,0.0,0.0,-38.93089224634392,-38.93089224634392,1.0,524,1.0
0.8167362341907407,0.0,1.0,1.505775671236462,0.0,0.0,0.6666666666666666,0.0,0.0,-35.76216524815492,-35.76191778338656,0.9997525658485032,525,1.0
0.2136227116992442,0.0,1.0,0.3204340675488662,0.0,0.0,0.6666666666666666,0.0,0.0,-9.325221095449185,-9.325221095449185,1.0,526,1.0
1.062614844473661,0.0,1.0,1.839837924711834,0.0,0.0,0.6666666666666666,0.0,0.0,-32.67686651110612,-32.67658273320682,0.9997162623618264,527,1.0
1.334518355977012,0.0,1.0,2.001777533965518,0.0,0.0,0.6666666666666666,0.0,0.0,-62.54601283902845,-62.54601283902845,1.0,528,1.0
0.2284483566579089,0.0,1.0,0.3426725349868633,0.0,0.0,0.6666666666666666,0.0,0.0,-21.44805006374128,-21.44805006374128,1.0,529,1.0
0.8067826892609895,0.0,1.0,1.210174033891484,0.0,0.0,0.6666666666666666,0.0,0.0,-43.51944318779292,-43.51944318779292,1.0,530,1.0
0.0,0.0,1.0,0.0,0.0,0.0,1.0,0.0,0.0,0.0,0.0,1.0,531,1.0
0.0,0.0,1.0,0.0,0.0,0.0,1.0,0.0,0.0,0.0,0.0,1.0,532,1.0
0.0,0.0,1.0,0.0,0.0,0.0,1.0,0.0,0.0,0.0,0.0,1.0,533,1.0
0.0,0.0,1.0,0.0,0.0,0.0,1.0,0.0,0.0,0.0,0.0,1.0,534,1.0
0.9807617947131692,0.0,0.9574130401454268,22.46157194897641,0.04258695985457317,6.874134128118385,0.01441514808070921,6.0,0.0,-99.38006475806296,-95.16538426201825,0.01477704233716914,535,0.821663440600425
0.4892248188212777,0.2677992285749715,0.9849007509502438,23.56869048497602,0.01509924904975624,3.612761715273479,0.07742543104861543,1.0,0.0,-73.75611226107341,-71.86627488611589,0.1510963788493773,536,1.0
0.0,0.0,1.0,0.0,0.0,0.0,1.0,0.0,0.0,0.0,0.0,1.0,537,1.0
1.230247015037841,0.0,0.922217234728059,9.428144255677868,0.07778276527194095,3.347012018751599,0.08898048563775107,7.0,0.0,-105.8404195377169,-103.2485199680235,0.074877669558858,538,1.0
1.825495139880838,0.7775440664632934,1.0,2.738242709821258,0.0,0.0,0.6666666666666666,0.0,0.0,-127.1952779355513,-127.1952779355513,1.0,539,1.0
3.476218447987081,0.8142577585555173,1.0,5.214327671980623,0.0,0.0,0.6666666666666666,0.0,0.0,-153.4220765190914,-153.4220765190914,1.0,540,1.0
0.0,0.0,1.0,0.0,0.0,0.0,1.0,0.0,0.0,0.0,0.0,1.0,541,1.0
0.0,0.0,1.0,0.0,0.0,0.0,1.0,0.0,0.0,0.0,0.0,1.0,542,1.0
0.0,0.0,1.0,0.0,0.0,0.0,1.0,0.0,0.0,0.0,0.0,1.0,543,1.0
0.0,0.0,1.0,0.0,0.0,0.0,1.0,0.0,0.0,0.0,0.0,1.0,544,1.0
0.0,0.0,1.0,0.0,0.0,0.0,1.0,0.0,0.0,0.0,0.0,1.0,545,1.0
0.0,0.0,1.0,0.0,0.0,0.0,1.0,0.0,0.0,0.0,0.0,1.0,546,1.0
0.0,0.0,1.0,0.0,0.0,0.0,1.0,0.0,0.0,0.0,0.0,1.0,547,1.0
0.0,0.0,1.0,0.0,0.0,0.0,1.0,0.0,0.0,0.0,0.0,1.0,548,1.0
0.0,0.0,1.0,0.0,0.0,0.0,1.0,0.0,0.0,0.0,0.0,1.0,549,1.0
0.0,0.0,1.0,0.0,0.0,0.0,1.0,0.0,0.0,0.0,0.0,1.0,550,1.0
4.356079399079705,0.9127313668879345,1.0,6.534119098619556,0.0,0.0,0.6666666666666666,0.0,0.0,-167.9473225485635,-167.9473225485635,1.0,551,1.0
1.695575052892167,0.3163916735253838,1.0,2.54336257933825,0.0,0.0,0.6666666666666666,0.0,0.0,-87.32497335460751,-87.32497335460751,1.0,552,1.0
1.218145873277641,0.2979141407680111,0.9466754623851922,13.72636526807242,0.05332453761480782,2.299668446417201,0.1549398825308886,1.0,0.0,-114.3098195547851,-112.4462252229084,0.155114095607311,553,1.0
0.6708517215241309,0.6301509345049967,0.9641137324884043,24.57967085185858,0.03588626751159574,5.299371821343414,0.03231351768704549,2.0,0.0,-104.3981875147561,-101.8999455509257,0.08222943394879279,554,1.0
0.0,0.0,1.0,0.0,0.0,0.0,1.0,0.0,0.0,0.0,0.0,1.0,555,1.0
0.0,0.0,1.0,0.0,0.0,0.0,1.0,0.0,0.0,0.0,0.0,1.0,556,1.0
0.0,0.0,1.0,0.0,0.0,0.0,1.0,0.0,0.0,0.0,0.0,1.0,557,1.0
1.580345026556143,0.4619054299424719,1.0,2.830941593352473,0.0,0.0,0.6666666666666666,0.0,0.0,-108.3778613585011,-108.3773722983906,0.9995110594598812,558,1.0
4.552244579746491,0.6175104013372913,1.0,6.828366869619733,0.0,0.0,0.6666666666666666,0.0,0.0,-154.3391727201566,-154.3391727201566,1.0,559,1.0
0.0,0.0,1.0,0.0,0.0,0.0,1.0,0.0,0.0,0.0,0.0,1.0,560,1.0
0.8978067577294508,0.4294107655660885,1.0,1.346710136594176,0.0,0.0,0.6666666666666666,0.0,0.0,-80.14990553290241,-80.14990553290241,1.0,561,1.0
2.865085309538274,1.360551813564818,1.0,4.29762796430741,0.0,0.0,0.6666666666666666,0.0,0.0,-182.381875105463,-182.381875105463,1.0,562,1.0
0.3771441438075241,0.2281646376026915,1.0,0.6457014747730198,0.0,0.0,0.6666666666666666,0.0,0.0,-53.42687566217841,-53.42686164305749,0.9999859809773484,563,1.0
1.810331514678998,0.2698284293675672,1.0,2.7154972720185,0.0,0.0,0.6666666666666666,0.0,0.0,-80.48517631844692,-80.4851763184469,0.9999999999999858,564,1.0
2.188085299803859,0.1436536926232467,1.0,3.282127949705788,0.0,0.0,0.6666666666666666,0.0,0.0,-89.2623345436507,-89.2623345436507,1.0,565,1.0
1.39526364410205,0.277609351842821,0.9734566650248545,5.332648733633166,0.02654333497514549,0.1590820931033932,0.5456322803330325,0.0,0.0,-85.29660809692155,-85.21780221487613,0.9242193145920972,566,1.0
0.9086283772173827,0.1866315640809287,1.0,1.362942565826074,0.0,0.0,0.6666666666666666,0.0,0.0,-69.461587272343,-69.461587272343,1.0,567,1.0
0.0,0.0,1.0,0.0,0.0,0.0,1.0,0.0,0.0,0.0,0.0,1.0,568,1.0
0.0,0.0,1.0,0.0,0.0,0.0,1.0,0.0,0.0,0.0,0.0,1.0,569,1.0
0.0,0.0,1.0,0.0,0.0,0.0,1.0,0.0,0.0,0.0,0.0,1.0,570,1.0
2.045482295659617,0.0,1.0,3.068223443489426,0.0,0.0,0.6666666666666666,0.0,0.0,-6.879229956060025,-6.879229956060025,1.0,571,1.0
2.423604145770653,0.0,1.0,3.635406218655978,0.0,0.0,0.6666666666666666,0.0,0.0,-8.843093996101988,-8.843093996101988,1.0,572,1.0
0.0,0.0,1.0,0.0,0.0,0.0,1.0,0.0,0.0,0.0,0.0,1.0,573,1.0
0.0,0.0,0.001992187499999999,1.978042751199652,0.9980078125,1.994192666220613,0.1826523273657508,0.0,0.0,-9.20846242569096,-9.211578760894383,1.0,574,1.0
0.0,0.0,1.0,0.0,0.0,0.0,1.0,0.0,0.0,0.0,0.0,1.0,575,1.0
0.0,0.0,1.0,0.0,0.0,0.0,1.0,0.0,0.0,0.0,0.0,1.0,576,1.0
5.373539541041172,0.9480966932781971,1.0,8.060309311561754,0.0,0.0,0.6666666666666666,0.0,0.0,-14.31889260655871,-14.31889260655871,1.0,577,1.0
10000.0,0.9095962858017075,1.0,90.03325962935875,0.0,0.0,0.6666666666666666,0.0,0.0,-12.74667469758028,-12.74642774805132,0.9997530809605513,578,1.0
2.739273324812872,0.0,1.0,4.108909987219309,0.0,0.0,0.6666666666666666,0.0,0.0,-8.113912971332331,-8.113912971332331,1.0,579,1.0
1.651240972420592,0.1318650041055582,0.965927567009331,23.34847883843351,0.03407243299066898,4.758700804252612,0.04270242618916997,2.0,0.0,-119.8216577695092,-115.413198318456,0.01217391840901971,580,1.0
1.595426653911169,0.0,0.7468785415373036,2.821940049780205,0.2531214584626964,0.3819170688744009,0.4639015536873153,9.0,0.0,-127.5367995819619,-126.3140119130094,0.2944083089832735,581,1.0
1.901527335193572,0.1866044388576918,1.0,2.852291002790357,0.0,0.0,0.6666666666666666,0.0,0.0,-107.1370089391523,-107.1370089391523,1.0,582,1.0
0.0,0.0,1.0,0.0,0.0,0.0,1.0,0.0,0.0,0.0,0.0,1.0,583,1.0
0.0,0.0,1.0,0.0,0.0,0.0,1.0,0.0,0.0,0.0,0.0,1.0,584,1.0
0.0,0.0,1.0,0.0,0.0,0.0,1.0,0.0,0.0,0.0,0.0,1.0,585,1.0
0.0,0.0,1.0,0.0,0.0,0.0,1.0,0.0,0.0,0.0,0.0,1.0,586,1.0
2.602437868033558,0.2467240938571925,1.0,3.903656802050338,0.0,0.0,0.6666666666666666,0.0,0.0,-109.5898709723114,-109.5898709723114,1.0,587,1.0
0.878898354558193,0.0,0.815211800481294,2.721324078605975,0.184788199518706,1.00193424893456,0.3172324745109782,8.0,0.0,-81.77367849241827,-80.58163983619988,0.3036016932192818,588,1.0
0.6077883380851826,0.0,1.0,0.9116825071277739,0.0,0.0,0.6666666666666666,0.0,0.0,-31.29276020656344,-31.29276020656344,1.0,589,1.0
2.297804956444465,0.0,1.0,3.446707434666699,0.0,0.0,0.6666666666666666,0.0,0.0,-74.36555443310094,-74.36555443310093,0.9999999999999858,590,1.0
0.8940712010774418,0.0,1.0,1.341106801616163,0.0,0.0,0.6666666666666666,0.0,0.0,-24.83448405248469,-24.83448405248469,1.0,591,1.0
0.2415665714852631,0.0,0.9875941281448036,4.45491857271207,0.01240587185519637,2.54105446451792,0.1361935252822432,1.0,0.0,-20.59910772380801,-19.13322175492186,0.230873354191134,592,1.0
0.3509617194460579,0.08750743393838724,1.0,0.5264425791690868,0.0,0.0,0.6666666666666666,0.0,0.0,-36.40742360326734,-36.40742360326734,1.0,593,1.0
0.2349641217067132,0.03847590022296972,1.0,0.3524461825600697,0.0,0.0,0.6666666666666666,0.0,0.0,-23.05760076194648,-23.05760076194648,1.0,594,1.0
0.2157502454276298,0.03378488082710099,1.0,0.3236253681414446,0.0,0.0,0.6666666666666666,0.0,0.0,-17.54142050520456,-17.54142050520456,1.0,595,1.0
1.112830517647258,0.03417623199203815,1.0,1.952263887092989,0.0,0.0,0.6666666666666666,0.0,0.0,-35.33966187445398,-35.33953702958678,0.9998751629255881,596,1.0
0.5671223770350224,0.0,1.0,0.8506835655525335,0.0,0.0,0.6666666666666666,0.0,0.0,-27.70211764428979,-27.70211764428979,1.0,597,1.0
1.122637231658187,0.0,1.0,1.692681393005768,0.0,0.0,0.6666666666666666,0.0,0.0,-27.20307700713076,-27.18785075276559,0.9848890789383133,598,1.0
0.6115847407742168,0.0,1.0,0.9173771111613251,0.0,0.0,0.6666666666666666,0.0,0.0,-35.04657093483469,-35.04657093483469,1.0,599,1.0
0.7325637573601825,0.0,1.0,1.098845636040274,0.0,0.0,0.6666666666666666,0.0,0.0,-20.77737777494648,-20.77737777494648,1.0,600,1.0
0.9276796309620601,0.0,0.9959274015224563,129.2900404353795,0.00407259847754371,4.13307299702538,0.05904452368715984,1.0,0.0,-60.44333068078075,-55.63005651849184,0.008121225908612417,601,1.0
0.3463359454794306,0.04688932372413544,1.0,0.6317828173688155,0.0,0.0,0.6666666666666666,0.0,0.0,-27.20159808041881,-27.20098195773055,0.9993840670763163,602,1.0
0.7806672630592256,0.1991211913534843,1.0,1.171000894588838,0.0,0.0,0.6666666666666666,0.0,0.0,-51.95394802289434,-51.95394802289434,1.0,603,1.0
0.6995365796100244,0.0,1.0,1.049304869415036,0.0,0.0,0.6666666666666666,0.0,0.0,-43.61872888944472,-43.61872888944472,1.0,604,1.0
0.0,0.0,0.01,0.04408892344261255,0.99,0.6616944830731413,0.3881708352098335,1.0,0.0,-11.06190827348061,-11.06182990306816,0.999921632658427,605,1.0
1.440583034789935,0.0,1.0,2.160874552184902,0.0,0.0,0.6666666666666666,0.0,0.0,-53.72394321272465,-53.72394321272465,1.0,606,1.0
0.361499683508353,0.0,1.0,0.5422495252625296,0.0,0.0,0.6666666666666666,0.0,0.0,-21.62735023796558,-21.62735023796558,1.0,607,1.0
0.7580032968674579,0.0,0.9841822719558229,11.86925196230517,0.01581772804417714,2.930302650596005,0.1107951346519599,1.0,0.0,-39.82761638754988,-35.46723384991839,0.01277350037089764,608,1.0
1.020654906891862,0.1383496951297449,1.0,1.530982360337793,0.0,0.0,0.6666666666666666,0.0,0.0,-67.98905401399341,-67.98905401399341,1.0,609,1.0
0.0,0.0,1.0,0.0,0.0,0.0,1.0,0.0,0.0,0.0,0.0,1.0,610,1.0
0.0,0.0,1.0,0.0,0.0,0.0,1.0,0.0,0.0,0.0,0.0,1.0,611,1.0
1.228994340444064,0.0,1.0,1.843491510666096,0.0,0.0,0.6666666666666666,0.0,0.0,-26.88814429726262,-26.88814429726262,1.0,612,1.0
0.7619526123973183,0.03186424273311831,1.0,1.142928918595978,0.0,0.0,0.6666666666666666,0.0,0.0,-28.48818005468077,-28.48818005468077,1.0,613,1.0
0.454759009781288,0.03115586300875595,1.0,0.682138514671932,0.0,0.0,0.6666666666666666,0.0,0.0,-24.8421079757351,-24.8421079757351,1.0,614,1.0
0.6266174440486527,0.0,1.0,0.9399261660729789,0.0,0.0,0.6666666666666666,0.0,0.0,-18.27583024605522,-18.27583024605522,1.0,615,1.0
0.844225994789761,0.0,1.0,1.266338992184642,0.0,0.0,0.6666666666666666,0.0,0.0,-22.40460534557474,-22.40460534557474,1.0,616,1.0
0.923433629565283,0.0,1.0,1.385150444347924,0.0,0.0,0.6666666666666666,0.0,0.0,-36.99589896906529,-36.99589896906529,1.0,617,1.0
0.629554447455967,0.0,1.0,0.9443316711839504,0.0,0.0,0.6666666666666666,0.0,0.0,-31.03011633617843,-31.03011633617843,1.0,618,1.0
0.8245869634557562,0.07388071242895626,1.0,1.236880445183635,0.0,0.0,0.6666666666666666,0.0,0.0,-45.17327361344159,-45.17327361344159,1.0,619,1.0
2.007726448743066,0.0,0.9951319009905384,34.69039679139259,0.004868099009461613,4.144826879350319,0.05868516692187498,1.0,0.0,-75.77081691271368,-70.16519074044707,0.003677117314528022,620,1.0
1.288459926809517,0.0,1.0,1.932689890214276,0.0,0.0,0.6666666666666666,0.0,0.0,-39.73732205360903,-39.73732205360903,1.0,621,1.0
1.043647669104709,0.0,1.0,1.565471503657063,0.0,0.0,0.6666666666666666,0.0,0.0,-21.31117881304791,-21.31117881304791,1.0,622,1.0
0.0,0.0,0.06,0.04135896582325803,0.94,0.3189431233526214,0.4842909229666311,1.0,0.0,-10.73045548541524,-10.73000471743918,0.9995493336045367,623,1.0
0.5780497080481064,0.0,1.0,0.8670745620721597,0.0,0.0,0.6666666666666666,0.0,0.0,-30.24077141934084,-30.24077141934084,1.0,624,1.0
3.977524439012893,0.04004216799996362,1.0,5.966286658519346,0.0,0.0,0.6666666666666666,0.0,0.0,-105.0797897925629,-105.0797897925629,1.0,625,1.0
1.111623189133636,0.0,0.9920113378058546,132.622638586652,0.007988662194145402,9.610564225466078,0.003582060354017202,2.0,0.0,-71.44816206655284,-64.27214834816431,0.000764710124371959,626,0.44919036839375714
0.7274659140565186,0.0,0.9766832086470507,14.1612423231751,0.02331679135294928,7.792768834523955,0.009022590135231656,3.0,0.0,-65.19421657180649,-58.09730863533142,0.000827660148569942,627,0.6285737794211387
