alpha,beta,alpha=beta,LRT,p-value,Total branch length,dN/dS LB,dN/dS MLE,dN/dS UB,Site,HumanREM2
0.0,0.05272995756930036,0.05269161005740435,0.005653503384202452,0.9400637137744755,0.7051625916970375,3823.04408577806,10000.0,10000.0,1,1.0
1.853714118722072,0.2840764152689048,0.4960464724342512,9.752754845436584,0.001790541871193541,6.638503088496074,0.06581141677939227,0.1532471552111517,0.2980589968743271,2,2.0
0.0,0.0,0.0,0.0,1.0,0.0,0.0,0.0,0.0,3,
0.0,0.0,0.0,0.0,1.0,0.0,0.0,0.0,0.0,4,
0.0,0.0,0.0,0.0,1.0,0.0,0.0,0.0,0.0,5,
0.0,0.0,0.0,0.0,1.0,0.0,0.0,0.0,0.0,6,
0.8505576926903544,0.4575598306257992,0.5617964253487202,1.501352160371908,0.22046342719749,7.518423196282001,0.2775279637220942,0.5379527274375895,0.9307088805104399,7,3.0
0.8862761789827635,0.3256011292350673,0.3938153011700162,1.29994697149634,0.254222910156965,5.270361222981351,0.1607914327866386,0.3673811131974469,0.7052659276014387,8,4.0
1.979668815194029,0.8310702685458093,1.154826743852071,5.102872453045507,0.02388625634771258,15.45484411595322,0.2442468625616651,0.4198026771787863,0.6714855932486189,9,5.0
0.0,0.0,0.0,0.0,1.0,0.0,0.0,0.0,0.0,10,
4.497431613160497,1.648297899354756,2.139605776266694,0.1417433524087457,0.7065539985357108,28.63396948315793,0.01961711978790728,0.3664976015491742,10000.0,11,
1.645313791637414,0.2765643765173574,0.4384615985467187,7.201783447890591,0.007283116673247103,5.867854803715236,0.0719368084452255,0.1680921766553242,0.3295347834241784,12,6.0
2.484866543397963,0.5299395498363355,0.9774862067080401,14.99380077709242,0.0001078649387546982,13.08152675766429,0.1166701519434784,0.2132668055128879,0.3581685313101551,13,7.0
3.805930230146584,8.4230630688382,6.499495012015515,0.187526987281025,0.6649829042939551,86.98160375820186,0.3026687636961941,2.213141744459616,10000.0,14,
0.0,0.0,0.0,0.0,1.0,0.0,0.0,0.0,0.0,15,
1.068235240441641,0.5255807185350542,0.6037855629818984,1.275403953513461,0.2587553446451812,8.080356473406727,0.2678121534492749,0.4920084066106668,0.8219472396235877,16,8.0
48.33904926792833,0.07043841539476127,0.09413128900581393,7.263074665092105,0.007038668455920494,1.25974255944747,0.0003629195304203397,0.001457174198945102,0.003797494352400988,17,9.0
0.5695229417995135,0.1548415496155968,0.2054912299870814,1.775843739559221,0.1826605206774223,2.750053151741563,0.08697416448009022,0.2718793893119498,0.6135433007464461,18,10.0
1.335090611261147,0.5740355251281869,0.7413478567380908,4.056096126616069,0.04401213677352145,9.921328565153896,0.2542403068981129,0.4299599744664103,0.6787495928935595,19,11.0
1.024433146710279,0.03298300879321095,0.1697726123626792,14.22386185077256,0.0001622993749731405,2.272037145997599,0.001830524246785963,0.03219635063461969,0.1420798840766854,20,12.0
0.8930600591834018,0.03395391769181305,0.3002182698294557,20.37570324203904,6.363259995256776e-06,4.01776854032553,0.002190213369117814,0.0380197472081104,0.1695036911392597,21,13.0
0.4517069868973771,0.1396577427207345,0.2132002526640358,2.521487399954651,0.1123046103273788,2.853221652465113,0.0957004082598575,0.3091777341767424,0.7248259190826829,22,14.0
0.7904206673503553,0.1396862401491777,0.2990623845110255,7.450836361226422,0.006340697938200024,4.002299529491343,0.05508021309224634,0.1767239217282024,0.413627579525164,23,15.0
0.5074805817669777,0.3906069046397818,0.4324680009933927,0.264673957345309,0.6069271140606789,5.787643537069788,0.3875521933973287,0.7696982282154367,1.353540413657236,24,16.0
0.5595269837175096,0.08011951007071862,0.2534073394112574,7.952611927683222,0.004801802631229757,3.391306054599914,0.02336415912495014,0.1431915035418003,0.4386634571950142,25,17.0
0.5305600845432679,0.0,0.1569616871529269,14.36132594056555,0.0001508694029386248,2.100590776962679,0.0,0.0,0.1354349206498559,26,18.0
0.9034784104035433,0.1135294040355289,0.2550960100210296,10.75622584306893,0.001039291058567482,3.41390523770349,0.03896111251204239,0.125658126113739,0.2935687384672878,27,19.0
0.9705292018865027,0.1556563216548333,0.3871638388171407,10.52827752440732,0.001175617324248979,5.181345866908169,0.0494449652877431,0.1603829347455702,0.3749781463240022,28,20.0
1.914349597920213,0.3841926322128835,0.7752044917214135,17.2929946142761,3.203657511374747e-05,10.37442598322426,0.1034370138755266,0.2006909462254324,0.3469668619373272,29,21.0
0.3503116400048783,0.4112561485826265,0.3965567053252788,0.04598930224773312,0.8301952455718342,5.307048954802562,0.5924179553607837,1.173972262460075,2.051011580830698,30,22.0
1.107266881028939,0.3692737990439152,0.4720266269896765,3.439765879827632,0.06364471082421885,6.317049702512885,0.1792116105507995,0.3335002657180206,0.5685455931345095,31,23.0
0.6989446638356147,1.139342672123313,1.052967178240869,0.6643045139427954,0.4150443885825587,14.09167538382912,1.067549250371555,1.63008994999821,2.377082511521133,32,24.0
0.539965538149986,1.549507168996641,1.275937434601714,4.418087609837812,0.03555986903106034,17.07564728515218,1.936570474284443,2.869640855795199,4.096578349458712,33,25.0
0.7900506049550546,0.5529766154341139,0.6194485314176623,0.5278680863120542,0.4675045418527044,8.289971237575052,0.3815617883627852,0.6999255642182216,1.168302103599495,34,26.0
1.055150450316243,0.2278641609259168,0.4196339876800719,9.176651139645742,0.002451221261219882,5.615888183987276,0.09230164023185185,0.2159541900945242,0.420287755184231,35,27.0
2.950183172188602,0.2446260608756565,1.013155897643293,38.38966268726506,5.793848734114704e-10,13.55888798609387,0.03272848075136894,0.08291893980744929,0.1699568746312054,36,28.0
1.033306270475693,0.4846899509103806,0.6943730286480069,3.103057046106557,0.07814542319609441,9.292672665582053,0.2325457578822535,0.4690670760056928,0.8358370941226733,37,29.0
0.0,0.0,0.0,0.0,1.0,0.0,0.0,0.0,0.0,38,
0.0,0.0,0.0,0.0,1.0,0.0,0.0,0.0,0.0,39,
0.0,0.0,0.0,0.0,1.0,0.0,0.0,0.0,0.0,40,
122.5087719298268,0.0,1.21668604837573,3.435962116171352,0.06379141979912673,16.28269635753319,0.0,0.0,0.02579526356050022,41,
0.0,0.0,0.0,0.0,1.0,0.0,0.0,0.0,0.0,42,
0.0,0.0,0.0,0.0,1.0,0.0,0.0,0.0,0.0,43,
0.0,1.758620689655175,1.032348570241465,0.9447175977010804,0.331067542179346,13.81574016305668,1464.938403517066,10000.0,10000.0,44,
0.0,0.0,0.0,0.0,1.0,0.0,0.0,0.0,0.0,45,
122.5087719298268,0.0,0.8793073724196342,3.680344312634091,0.05505747935015504,11.767616608379,0.0,0.0,0.01731313100114504,46,
30.38547004453877,2.115907518683195,3.966790501342421,0.7623350239220201,0.3825987693938119,53.08686273959736,0.003323583420647315,0.06963550392940164,10000.0,47,
0.0,0.0,0.0,0.0,1.0,0.0,0.0,0.0,0.0,48,
0.0,0.0,0.0,0.0,1.0,0.0,0.0,0.0,0.0,49,
0.0,1.269534983585213,1.041160982920364,0.3279901280090023,0.566844977102603,13.93367513898523,1464.9075557913,10000.0,10000.0,50,
0.0,2.672808313734004,0.9905321870726554,1.545760471900991,0.2137624030142953,13.25611882868125,1464.953400152902,10000.0,10000.0,51,
0.0,0.0,0.0,0.0,1.0,0.0,0.0,0.0,0.0,52,
0.0,0.0,0.0,0.0,1.0,0.0,0.0,0.0,0.0,53,
0.0,0.0,0.0,0.0,1.0,0.0,0.0,0.0,0.0,54,
0.0,0.0,0.0,0.0,1.0,0.0,0.0,0.0,0.0,55,
0.0,0.0,0.0,0.0,1.0,0.0,0.0,0.0,0.0,56,
1481.10526315778,0.0,1.144263462929485,5.050488481753947,0.02461899679230373,15.31347757687651,0.0,0.0,0.00146798882895215,57,
1.733582487987187,10000.0,8.16461890615781,-0.0369254882298371,1.0,109.2656652892661,0.5941497679979416,5768.401601478286,10000.0,58,
0.0,1.185728198081619,0.9697963719297881,0.3939074796587523,0.5302525825797053,12.97861504522949,1464.908547824508,10000.0,10000.0,59,
6.285825458588104,1.316005230236424,2.250009820709514,0.562918409903066,0.4530867550834187,30.11148747944458,0.01072958186394092,0.2093607655679353,10000.0,60,
0.4292082701813464,0.734280871597797,0.6468455750029105,0.7967722505371171,0.372060169114896,8.65662107496592,1.003911583558837,1.710779876835908,2.713362308036741,61,30.0
2.396090650818209,0.4071330949413708,0.902290200352484,23.84306194264735,1.045179126690776e-06,12.07519177057274,0.09054188652703188,0.1699155642556113,0.2876562688809221,62,31.0
0.0,0.0,0.0,0.0,1.0,0.0,0.0,0.0,0.0,63,
0.5455476052381198,0.3015726019854386,0.3739216696664138,0.9312613986297436,0.3345353658650395,5.004128235717094,0.237675623562379,0.5527887925634073,1.07740045819844,64,32.0
1.119269639208523,0.4590545264713293,0.668357410566943,4.978606067389137,0.02566265246508659,8.944510203841798,0.2241939231007671,0.4101375668475594,0.6838898179404983,65,33.0
0.1494985866473304,0.1383435377078406,0.1427227208616713,0.007457704556472322,0.9311818314966622,1.910033184167741,0.2375098691659444,0.9253835826167058,2.329897057002997,66,34.0
0.0,0.0,0.0,0.0,1.0,0.0,0.0,0.0,0.0,67,
0.5586747746688553,0.1098985654648155,0.2216721430504393,5.002589492780203,0.02530942504315825,2.96659947817477,0.04879600879314403,0.1967129543838021,0.5147541195229101,68,35.0
0.1993762523783568,0.6532601676561847,0.4707338774837855,4.324452838266865,0.03756849078657631,6.299749062221268,1.858962583313354,3.276519444334279,5.323762007486701,69,36.0
0.5282146771028802,0.1292718049195826,0.2497354789146123,5.174614042035813,0.02291926259009769,3.342166188474293,0.0758892729024307,0.2447334588061898,0.5740287260424661,70,37.0
1.212945372832035,0.4749099874799744,0.6990531702018936,5.077728229873941,0.0242351043376734,9.3553061805582,0.2073226748630657,0.3915345225903578,0.6668591507327518,71,38.0
1.183663799581207,0.5361350971351763,0.7464172990872261,4.326804277106817,0.03751662023392321,9.989172024510719,0.2582014413727202,0.4529454202492857,0.733254939050654,72,39.0
0.4717664393489379,0.7062836667894122,0.6100922959828045,0.7660029095991376,0.3814564316978476,8.164758376920688,0.8580172644351332,1.497104515878917,2.408423287042723,73,40.0
0.814047246385022,0.2800556538301195,0.4950534578105411,4.688733054252566,0.03036102573849475,6.625213747652521,0.1359327780963944,0.3440287465792384,0.7039387457333071,74,41.0
1.056709078354152,0.1834168747888567,0.2915102601464253,6.71203507317081,0.009576437518997727,3.901230771410918,0.06870844569510963,0.1735736718326795,0.3541391458777724,75,42.0
4.286176670298848,0.0,0.6352118514190573,7.21150540287708,0.007243771202853244,8.500928989175804,0.0,0.0,0.1713250504562167,76,
1.998592076643721,0.1805145134783275,0.372493015294235,16.41147449737215,5.097571160372905e-05,4.985008804395344,0.03572803364403644,0.09032083914866179,0.1841999752636391,77,43.0
0.3087584165258305,0.3843839724665956,0.3522193097693138,0.1545362439512701,0.6942375134979076,4.713689353050413,0.5910761455307041,1.244934394960658,2.272131037256854,78,44.0
0.8581003392801629,0.06924294101163403,0.177639916408755,8.432800111224026,0.003685124335686352,2.377323898570836,0.01335976353986912,0.08069329173056854,0.2502357202950615,79,45.0
0.6984050312310865,0.05734293612589261,0.1808154906255891,10.96564565659608,0.0009281660159350391,2.419822052307825,0.0136310073842068,0.08210555989955222,0.2547134937067002,80,46.0
0.5255292283686169,0.0454184812048183,0.2391035323747228,8.999024310976608,0.002701237822374969,3.199880709463783,0.004871220760941691,0.08642427243449313,0.3782115309499437,81,47.0
1.441216575974537,0.04116673569363125,0.5304194620995611,31.42989308803595,2.067728044341521e-08,7.098510790867648,0.001618425444550557,0.02856387886448967,0.1256384836735379,82,48.0
0.310943340934831,0.1178558239314454,0.1929372132160252,1.810323999878378,0.1784693680071713,2.58204494335997,0.09397540899887447,0.3790266856242024,0.9924993073261488,83,49.0
1.260120469019747,0.2726266174250798,0.4946405458369049,8.519853685121547,0.003512927317529835,6.619687819005534,0.0923572736354563,0.216349646028016,0.4217420887426952,84,50.0
1.134014838952131,0.08047322088563734,0.4575933282273657,20.97418264516665,4.655144038356873e-06,6.123891392283218,0.01169861081147764,0.07096311099420655,0.2190614347864029,85,51.0
0.8142235877102864,0.1346101554962839,0.2280750291378173,5.244631539078554,0.02201458999096761,3.052288181609671,0.05115129795181161,0.1653233307509881,0.3870516305423581,86,52.0
1.477221194555254,0.9349895869357602,1.132747534825945,1.622259360904138,0.2027770395999413,15.15936192737479,0.3812270247430298,0.6329381072935774,0.9901947176349086,87,53.0
0.0,0.0,0.0,0.0,1.0,0.0,0.0,0.0,0.0,88,
0.0,0.0,0.0,0.0,1.0,0.0,0.0,0.0,0.0,89,
2.053658766588429,0.5196345465223009,0.9346770099347051,15.47688835486605,8.352025581537248e-05,12.50861877264986,0.1440600780449836,0.2530286700869621,0.4088555546507329,90,54.0
0.8532489619752273,0.2355312127671946,0.4144213240883691,5.719031092698117,0.01678198883168047,5.546128019817584,0.1089432807564758,0.2760404328203951,0.5650096216423686,91,55.0
0.6481583771689238,0.2569908288464119,0.4136097728295409,3.241631217604379,0.07178912922743363,5.535267171414073,0.157490936689706,0.3964938785006781,0.8137818870142933,92,56.0
0.7746483450714166,0.2409107932852346,0.3961150112616593,4.504108951239829,0.03381350922793924,5.301137840484746,0.1227370909683941,0.3109937493805974,0.6354581589680341,93,57.0
0.7386504667971683,0.7388926180144517,0.7388320802101307,-4.89619083055004e-06,1.0,9.887660368364042,0.5973121540172223,1.000327829234757,1.567848359145791,94,58.0
1.011846719063744,0.9666224267301915,0.9802571220707814,0.01349728113558513,0.907511630902684,13.11860943280811,0.5993183001738055,0.955305194471156,1.447728013487087,95,59.0
1.530686078007331,0.508108455060251,0.8899908425947879,8.920874420597215,0.002819294948245954,11.91059161917905,0.1759232674085137,0.3319481782454793,0.568134399684926,96,60.0
1.425841539660227,0.1166896195440533,0.4918064832910176,21.6019471966799,3.355110393066241e-06,6.581760056166022,0.0202811216142497,0.08183912187876081,0.2141598922817013,97,61.0
1.182990017305711,0.4730527259503882,0.6895056411634305,4.405008804942184,0.0358335397510019,9.227533271100118,0.2053801352275098,0.3998788823491321,0.6957898023559644,98,62.0
0.4736871801644882,0.03947432896315239,0.1667636336001903,7.419995580484368,0.00645029740088976,2.231768510057144,0.004736019232945433,0.083334172036163,0.3680126460900308,99,63.0
0.6977770047011776,0.1309685373629813,0.3022471414105538,8.397445363668083,0.003757486930645149,4.044920573463043,0.05808649156818852,0.1876939716852213,0.4400355730351456,100,64.0
0.854109405921688,0.0,0.3732035415233332,21.82961496494349,2.979654015855537e-06,4.994517652514308,0.0,0.0,0.1102325524951852,101,65.0
0.508355482327341,0.0,0.1522737993856509,16.73641921170712,4.294858439468641e-05,2.037853595769016,0.0,0.0,0.1165138702950431,102,66.0
0.699756977495132,0.0,0.1914740997013588,17.83701323048884,2.406560997636475e-05,2.562464351367712,0.0,0.0,0.1038086027598098,103,67.0
0.9554287794384003,0.0,0.2075623950939277,30.21522279519286,3.866626396842321e-08,2.77777119172905,0.0,0.0,0.05310069554833662,104,68.0
0.0,0.0,0.0,0.0,1.0,0.0,0.0,0.0,0.0,105,69.0
0.5556985774660963,0.0,0.219363515057295,17.10567839189504,3.535643631857877e-05,2.935703513957004,0.0,0.0,0.1349469754900573,106,70.0
1.752607917633554,0.03651403784941502,0.462241935119746,35.5522678836538,2.482977934370467e-09,6.186102884405786,0.001182013675716136,0.02083411667951257,0.09178330245106513,107,71.0
0.9573268343965801,0.0,0.255062677144099,23.0747372537835,1.558246864763468e-06,3.413459149647737,0.0,0.0,0.07833275691612393,108,72.0
0.6592174757607261,0.0,0.08271053676538956,12.1744524779901,0.0004844851879781675,1.106900631857601,0.0,0.0,0.09285017536998622,109,73.0
1.352941176470589,0.0,0.1758434479127715,28.02035626582283,1.200459898154094e-07,2.353282075230275,0.0,0.0,0.04100984463734358,110,74.0
1.352941176470589,0.0,0.1677714281822884,23.30770653646277,1.380457773980659e-06,2.245255648496002,0.0,0.0,0.04630623954074571,111,75.0
1.333704674306848,0.03937013498412179,0.2312467975030667,16.43692516209562,5.029588097493765e-05,3.094735402301263,0.001684375485824267,0.02951937992163311,0.1306358615028864,112,76.0
1.352941176470589,0.0,0.4900341298058908,35.28287608159468,2.851280433979753e-09,6.558040959793492,0.0,0.0,0.0612073820316587,113,77.0
0.642035183671852,0.5269058886921382,0.5686732620918428,0.1432213138445491,0.7050993615613792,7.610454698359366,0.4242708176451315,0.8206807073698362,1.428075255014045,114,78.0
1.189868354668349,0.04083487426644022,0.4189570361253715,23.56787189990041,1.205841822726761e-06,5.606828659857231,0.001958416674027084,0.03431881695670617,0.1526888285093526,115,79.0
0.8559425117233405,0.1995787450330185,0.3775425358211902,6.384510746514536,0.01151204890762936,5.052585653494012,0.08325914285858639,0.2331683989280892,0.5074009398864548,116,80.0
2.129913174710822,0.0,0.3243861678915327,35.18760253352814,2.994236414366469e-09,4.341203288566424,0.0,0.0,0.03524844713462789,117,81.0
0.5029451863946945,0.0,0.1945325319574016,15.41986989245585,8.607841756314016e-05,2.603394814753656,0.0,0.0,0.1481594624698842,118,82.0
0.5978629883890417,0.103426863500628,0.2599504553991905,7.623935791113752,0.005759864783637436,3.478871430241285,0.04299895557660106,0.1729942570609941,0.452931099285897,119,83.0
0.4821955768326668,0.0,0.1368672737976463,14.97944593223505,0.0001086886098561335,1.83167076133203,0.0,0.0,0.1267739407017717,120,84.0
0.5633028398315914,0.0,0.1302464772675219,14.55686641383827,0.0001359921522726681,1.743065800595492,0.0,0.0,0.1150931323904238,121,85.0
0.5037336657288559,0.03711596589851664,0.2251590172817545,10.77204991094619,0.001030443221666677,3.01326370550047,0.004202366663946923,0.0736817259271589,0.3274424120540063,122,86.0
0.4462510813339705,0.0,0.05618792609496355,8.033312927004154,0.004592476439581605,0.7519531770625478,0.0,0.0,0.139926164508639,123,87.0
0.0,0.0,0.0,0.0,1.0,0.0,0.0,0.0,0.0,124,88.0
1.051442577074654,0.0,0.3779168677543145,30.24314388479485,3.811361515282385e-08,5.057595272213755,0.0,0.0,0.07131795204235122,125,89.0
0.4655745802283855,0.07906776494556468,0.2354143406569926,6.466483537404343,0.01099278335564868,3.15050890264088,0.02805919400473517,0.1698283546897649,0.5261429565161898,126,90.0
1.099611879032326,0.1577528502663547,0.3482929913461122,9.408850585790603,0.00215940550733662,4.661144121046375,0.04445492113418741,0.1434623009030963,0.3365323861069964,127,91.0
0.6282538399041403,0.2803921546131303,0.3761567841558123,1.926383630675218,0.1651546375629963,5.034040381585605,0.1902738833314269,0.446303924948414,0.8746615202203921,128,92.0
0.858437369279246,0.196247881775631,0.4429296201658525,8.792513952826766,0.00302469145002171,5.92764955474437,0.08148275182446493,0.2286105996764832,0.4942848818883874,129,93.0
1.857279710336078,0.09710813468971653,0.4794664890635119,32.05692299316499,1.497205981415561e-08,6.416616074011852,0.01298864596033169,0.05228514270052768,0.1364187729520759,130,94.0
0.4966375803911177,0.09633773332560033,0.244273338940343,7.119886010969992,0.007623355316812352,3.269067325557188,0.04829472643067852,0.1939799506306618,0.5072381972972295,131,95.0
1.16556560103288,0.1939260883177706,0.4541721097509478,11.67529304176409,0.0006333556409741092,6.078105824429732,0.05930841445385489,0.1663793853781552,0.3609466071179674,132,96.0
1.352941176470589,0.0,0.2622706866233415,31.04562890097247,2.520332675892689e-08,3.509922678468017,0.0,0.0,0.04458364934792555,133,97.0
0.554877033667938,0.03173404666221352,0.2221046520898958,14.23897001815664,0.0001610016391725422,2.972387670922406,0.003258832731490567,0.05719113377686583,0.2524774695476775,134,98.0
1.23305767664687,0.06486707219680754,0.2008133914683992,12.72603008173641,0.0003606011853369839,2.687450457882322,0.008841805012668473,0.05260668128128814,0.1655692821995264,135,99.0
1.352941176470589,0.0,0.2893268031335094,34.11357704525128,5.198726671373777e-09,3.872009948505535,0.0,0.0,0.04482545644510284,136,100.0
0.6186220230219903,0.04124726884256157,0.2556510715998578,11.79579752123675,0.0005936457533316508,3.421333529627984,0.003791598340796047,0.06667604337955382,0.2942791581190518,137,101.0
1.079094647170396,0.03783799970120061,0.2998729827782722,20.04951297076107,7.546274825021015e-06,4.013147624175373,0.001984240562898033,0.03506457918257631,0.1541354567005321,138,102.0
0.4966088382483438,0.03850995030526277,0.2147697530919943,9.862005166110265,0.001687271089451547,2.874226001890821,0.004443694319342571,0.07754584159455645,0.3447310563486014,139,103.0
1.762434477693966,0.07943855350820044,0.5397352375116113,30.22234404695706,3.852455321418091e-08,7.22318218212087,0.00745657529307259,0.04507319535200013,0.1398790863527938,140,104.0
3.306408990602006,0.1386542697548287,0.4582708880977797,30.03972471237543,4.232855044250527e-08,6.132959057395945,0.01296931149056966,0.04193500264151639,0.09821927652141318,141,105.0
0.3151860842451402,0.4671467938030207,0.4053391241641064,0.5420363489363638,0.4615900206359527,5.424582528421013,0.762102809216938,1.482130135668335,2.5867009317004,142,106.0
1.200908320499131,0.5005755009056942,0.694280412393041,3.839326479041773,0.0500636280158796,9.291433198457897,0.2205262500912302,0.4168307375017946,0.7137030219808586,143,107.0
1.180554148527541,0.6007298911202511,0.8061084008031938,3.057194246394602,0.08038035527744025,10.78800758754299,0.2844456037666973,0.5088541613017227,0.8365558362464437,144,108.0
0.5651112685596449,0.5315327427755363,0.5416334375940526,0.01450615816904133,0.9041334077386762,7.248585461470951,0.5252113937584388,0.9405806826862726,1.547890681701105,145,109.0
0.834359462212135,0.7081491570130607,0.7477554696278437,0.1423799319474313,0.7059264080773304,10.00708052655737,0.4922181696284968,0.8487338959823705,1.356052397364775,146,110.0
1.96094859237709,0.5303400025083171,0.7147086559939304,7.927394744420155,0.004869185612011107,9.56482080581565,0.1600876953459452,0.2704507423447707,0.4251695576079652,147,111.0
0.4428790772543624,0.06707908286910676,0.1849194375772873,6.36161377107139,0.01166154316458157,2.474744455808001,0.02519489839831031,0.1514613950267528,0.4709842924508876,148,112.0
1.108841801068051,0.3938416504054753,0.6043763784204821,5.407617261491509,0.02004906414691909,8.088263252976233,0.1764391114049528,0.3551829034819229,0.6305753409171966,149,113.0
0.7933376477493658,0.1860934420259885,0.2993611750924629,5.570789740397345,0.01826252212008483,4.006298191527889,0.09255860441151452,0.2345702899060954,0.4779759625849277,150,114.0
0.1878891989010411,0.0,0.0223195593144279,4.253211924624075,0.03917616965203552,0.2986987544041854,0.0,0.0,0.2593734367271346,151,115.0
1.042772614202861,0.02896901815997958,0.1519333573671866,15.313235795791,9.107614040415601e-05,2.033297519843431,0.001588633902897666,0.02778076233055345,0.1230925007876897,152,116.0
0.3043626707278931,0.03594708332181973,0.1064134304289981,4.07844475301723,0.04343361913831945,1.424112307650771,0.006769607773802941,0.1181060845466072,0.5255538658505517,153,117.0
0.0,0.0,0.0,0.0,1.0,0.0,0.0,0.0,0.0,154,118.0
0.9822811841177955,0.0,0.3691724926427789,26.49686057167349,2.639667491255437e-07,4.940570831136629,0.0,0.0,0.08359360634137071,155,119.0
1.098728830718003,0.1910833522659405,0.4556973416265914,11.62758770239088,0.0006498077435023175,6.098517735570731,0.06200698613455547,0.1739131138854983,0.3770025011262275,156,120.0
0.8438603504944711,0.0,0.2403283729879673,22.05314128426409,2.652053123664011e-06,3.216272536935184,0.0,0.0,0.08558528255563295,157,121.0
0.813076303798731,0.0,0.1172153710443329,15.11798226357245,0.0001009966534255557,1.568672787608938,0.0,0.0,0.08150355115231739,158,122.0
2.707614176740059,0.02690501713081502,0.3277974731082406,46.25792231826784,1.03667074924374e-11,4.38685618900091,0.0005637386411295761,0.009936798736668011,0.04365293247799331,159,123.0
2.614090513490369,0.0379215985669558,0.6309818777252866,49.49746712358402,1.986300013356868e-12,8.444319991852318,0.0008252497386473102,0.01450661267131197,0.06411357428168028,160,124.0
0.650653003577181,0.0,0.1813698217395768,17.59972423968935,2.72627876816145e-05,2.427240568549252,0.0,0.0,0.1064485253301026,161,125.0
0.09277792804977009,0.0,0.02703717431247516,2.560860656236251,0.1095389358776153,0.3618337699223598,0.0,0.0,0.7764961472387292,162,126.0
0.987891141605699,0.0,0.1257918198376933,20.17801063999679,7.055939187483595e-06,1.68344990017191,0.0,0.0,0.05627146744471832,163,127.0
1.277613410225588,0.02694106698579965,0.1659145002325971,20.0616713745741,7.498450029896908e-06,2.220404706872233,0.001196856051907867,0.02108702583283208,0.09268463881563103,164,128.0
1.59469469789618,0.1681679579908798,0.4887609752150361,20.71408369656572,5.332236862387596e-06,6.541002554818961,0.03759277808497404,0.1054546417020997,0.2280329993760836,165,129.0
0.8963085080947611,0.0,0.3941972888866975,25.72654295443635,3.933792931398727e-07,5.275473297711994,0.0,0.0,0.09450231186563761,166,130.0
0.5999999999999998,0.0,0.2185926044306965,17.41853155423749,2.998879228732765e-05,2.925386552018914,0.0,0.0,0.1241941903505625,167,131.0
0.0972538478863851,0.1134756894300736,0.1091759315922803,0.0169021507326903,0.8965598823072111,1.461082377036464,0.2893515044021436,1.166798968845318,3.050953865885039,168,132.0
0.4916565284593383,0.06524080421232002,0.2246568222687746,9.04606979537104,0.002632601368951937,3.006542917570391,0.0219606812171066,0.1326958973101802,0.4107021582357459,169,133.0
3.980977917041104,0.0,0.5372353569372851,91.78745804927408,0.0,7.189726718095296,0.0,0.0,0.01213554040896705,170,134.0
1.800494587254523,0.154742877956179,0.6890683626728823,29.14691250686616,6.70925758283758e-08,9.221681249623597,0.02654330894549642,0.085944650459704,0.2013561118697092,171,135.0
0.3381265109113141,0.1958704699089789,0.254187688405498,0.7962909354890968,0.3722046376847287,3.401749328559609,0.2069172941743427,0.5792816108416681,1.256148825442015,172,136.0
0.7389983455992017,0.07315428865109905,0.2442439532241643,10.32938663689799,0.001309287091632583,3.268674061662674,0.01648023199430221,0.09899113994874154,0.3086219255521283,173,137.0
1.652494889510657,0.1185279790011605,0.3621566212142541,16.43650769099801,5.030695846386379e-05,4.846678652207918,0.0177660144045018,0.07172668415105324,0.1869898637041584,174,138.0
0.4538678387629415,0.08473717679697804,0.2242466745389177,5.037844037596599,0.02479933569437343,3.001053982313915,0.03080106121404523,0.1867001130283587,0.5758349808841028,175,139.0
1.40700754848695,0.03261034068751754,0.197503008423217,18.58075299571749,1.628565449085517e-05,2.643148181199042,0.001318943704844651,0.02317709007502173,0.1023611243977602,176,140.0
0.4334030348971694,0.4132064248609111,0.4184567507897822,0.007546343408705525,0.9307750906148073,5.60013342880531,0.5361134526682689,0.9533999339874254,1.552457033105127,177,141.0
0.3936042507157829,0.279033905793528,0.326557925706503,0.4045572096527223,0.5247450592854204,4.370267543154098,0.3018612342346855,0.7089199501430568,1.386695877723497,178,142.0
1.199109391169389,0.06470785482054639,0.3597823863038456,23.44089559032801,1.288108847252722e-06,4.814904682103432,0.008981698492961813,0.05396326248220137,0.1680077658320303,179,143.0
1.793331986662609,0.1751883743085093,0.3991512898235855,15.50177635095025,8.24277567836873e-05,5.341771824861186,0.03486146770207877,0.09768875791622655,0.2118857643974927,180,144.0
2.274106392374989,0.5338973709439183,1.043563623619106,16.28441344787529,5.451049489135773e-05,13.96582925878144,0.1282815315286861,0.2347723803662222,0.3920164828052921,181,145.0
1.051282051282052,0.0,0.1475764376037286,19.10271684735689,1.238684312876437e-05,1.974989625496134,0.0,0.0,0.06305162297984167,182,146.0
2.960899902888738,0.1139091346389722,0.3788944468266756,31.68466944182052,1.813480976498028e-08,5.070678041776194,0.01190091332215033,0.03847111971865014,0.08974349163290805,183,147.0
0.0,0.4049008490937328,0.2383159570611641,10.41223644395987,0.001251830482759786,3.1893407269379,8252.034134962796,10000.0,10000.0,184,148.0
2.938840273103184,1.73879174885494,2.177621239871039,0.2513423299887876,0.6161314836815539,29.14272377649987,0.1338960812784887,0.5916591537038223,2.340958514583698,185,
0.0,0.0,0.0,0.0,1.0,0.0,0.0,0.0,0.0,186,
0.0,0.0,0.0,0.0,1.0,0.0,0.0,0.0,0.0,187,
0.0,0.0,0.0,0.0,1.0,0.0,0.0,0.0,0.0,188,
0.0,0.0,0.0,0.0,1.0,0.0,0.0,0.0,0.0,189,
0.0,0.0,0.0,0.0,1.0,0.0,0.0,0.0,0.0,190,
0.0,1.817443940019264,0.9298369330180414,2.35043637706379,0.1252479424035258,12.44384487071653,3827.371115513929,10000.0,10000.0,191,
0.0,0.0,0.0,0.0,1.0,0.0,0.0,0.0,0.0,192,
1.352941176470589,0.0,0.4381304245548565,2.290898742603897,0.1301345493446395,5.863422760166941,0.0,0.0,0.9655724388835799,193,
0.0,0.582159503515051,0.4972120190121564,0.3171518235462933,0.5733243432276938,6.654101394274241,1464.802855498314,10000.0,10000.0,194,
0.0,0.0,0.0,0.0,1.0,0.0,0.0,0.0,0.0,195,
0.0,0.0,0.0,0.0,1.0,0.0,0.0,0.0,0.0,196,
0.0,0.5829161507235537,0.3758829582294145,0.8622485685892407,0.3531102098500446,5.030375817156427,1464.806632040376,10000.0,10000.0,197,
0.0,0.0,0.0,0.0,1.0,0.0,0.0,0.0,0.0,198,
0.0,0.0,0.0,0.0,1.0,0.0,0.0,0.0,0.0,199,
0.0,0.0,0.0,0.0,1.0,0.0,0.0,0.0,0.0,200,
0.0,0.7353726221243094,0.5156078740849729,0.7012700142307935,0.4023572799066305,6.900289901808895,1464.843962630922,10000.0,10000.0,201,
0.0,0.0,0.0,0.0,1.0,0.0,0.0,0.0,0.0,202,
0.0,0.0,0.0,0.0,1.0,0.0,0.0,0.0,0.0,203,
0.0,0.0,0.0,0.0,1.0,0.0,0.0,0.0,0.0,204,
0.0,0.0,0.0,0.0,1.0,0.0,0.0,0.0,0.0,205,
0.0,0.0,0.0,0.0,1.0,0.0,0.0,0.0,0.0,206,
0.0,1.105026483067864,0.6305592194590605,1.088089416800671,0.2968949203758927,8.438663630278068,1464.915764544616,10000.0,10000.0,207,
0.0,0.0,0.0,0.0,1.0,0.0,0.0,0.0,0.0,208,
0.0,0.0,0.0,0.0,1.0,0.0,0.0,0.0,0.0,209,
0.0,0.5705957456241676,0.4942154566638989,0.2863558808898361,0.5925652874395608,6.61399892503147,1464.798834333409,10000.0,10000.0,210,
2.80952380952381,0.0,0.3941075408455961,3.664941927719035,0.05556857978401197,5.274272215391795,0.0,0.0,0.3301217982500219,211,
0.0,0.0,0.0,0.0,1.0,0.0,0.0,0.0,0.0,212,
3.831190411070067,1.507922868365509,1.909809430193641,0.3948902457006085,0.5297400164952099,25.55864521838701,0.06186844244413443,0.3935912096690439,1.544489900112842,213,
2.767537676688215,0.7640449268079561,1.05159194700695,0.228468974959231,0.6326613915093879,14.07327090501292,0.01531771406932045,0.276073902532107,1.518343166415597,214,
1.759869536196546,0.8288967415381502,1.13192642170458,0.2306676342562177,0.6310292290967152,15.14837311423911,0.02531643088120568,0.4709989715087478,2.918931011215605,215,
0.0,1.285714285714287,1.038574696597893,0.7290341217329903,0.3931964465301525,13.8990633219609,3827.321479371402,10000.0,10000.0,216,
0.0,2.664993218418959,1.5263642526289,0.7154090208456765,0.3976539751375595,20.42706554392444,5271.360562609603,10000.0,10000.0,217,
3.619583046213575,0.5805412519284368,0.9978189086925403,1.162753625428035,0.2808951940276569,13.35363574829815,0.008823966949277966,0.1603889852826385,0.839787278699881,218,
0.4022456235321616,1.200167355869584,0.9512974141953553,0.07762785118157112,0.7805381886280534,12.73104673282653,0.2567149873109589,2.983667902538718,13.83037130314768,219,
1.96773623845681,1.471538705945689,1.608754739692154,0.0458810309675961,0.8303922046815688,21.52968300665542,0.113458199849112,0.7478333107793641,3.85078305681088,220,
3.10074468975432,1.583069789807309,1.888031589010937,0.1633325932403586,0.6861066302955603,25.26719618289099,0.07716253329140932,0.5105450297272747,3.072843979501144,221,
3.16690736536783,2.724940814937522,2.777772098291665,0.003795122393931649,0.9508777417353207,37.1744376351585,0.1926927742372271,0.8604422234563925,20.26932325799107,222,
0.0,1.44876645762389,0.8394767045397616,1.975434635498477,0.159872185789644,11.23456975403927,3827.342999890725,10000.0,10000.0,223,
0.0,0.734739549393548,0.3922270376335775,1.193416425147415,0.2746415045829877,5.249105770160059,1464.843709172504,10000.0,10000.0,224,
5630.1004518905,1.483014582431148,2.054359458175723,0.310344753708744,0.5774687077628746,27.49313293380651,4.175198635760294e-05,0.0002634081922877903,0.001447534164131745,225,
2.976590445042457,1.810858106050536,2.092351468737837,0.07920916752099316,0.7783719964230789,28.00157335919066,0.08827655371024602,0.6083665655335756,11.53994539972362,226,
0.0,1.714020673204349,1.175506537465889,1.434981704630353,0.2309531392328001,15.73159817309046,3827.372159236896,10000.0,10000.0,227,
1.972647582468824,0.6275795260071234,0.9464595399090014,0.548079321848352,0.4591035458810777,12.66630230830898,0.01759849821949424,0.31814072193356,1.618136889529293,228,
2.269476372924648,0.0,0.5136289904527778,2.680492618766561,0.1015842997447192,6.873806848639227,0.0,0.0,0.6306599996837154,229,
0.0,3.674184443278194,2.016276849127248,1.272347259308383,0.2593267971784021,26.98348004474218,5271.370515575282,10000.0,10000.0,230,
1.352941176470589,0.0,0.4481846145301011,1.961281166775709,0.1613763663188272,5.997976224231406,0.0,0.0,1.087976680142651,231,
0.0,0.0,0.0,0.0,1.0,0.0,0.0,0.0,0.0,232,
0.0,3.943793666619325,2.358340318283664,1.820410019713366,0.1772644788035328,31.5612555610423,3827.451554365704,10000.0,10000.0,233,
0.0,0.7344357049850241,0.5103135390389241,0.6938381976263184,0.4048619276648344,6.829436742865431,1464.843339965202,10000.0,10000.0,234,
0.0,0.0,0.0,0.0,1.0,0.0,0.0,0.0,0.0,235,
0.0,0.7828765124872261,0.4061710120315717,1.247842694512038,0.2639649113239272,5.435715538097203,1464.854080802783,10000.0,10000.0,236,
0.0,0.6167410589469731,0.5223323104401062,0.3333717003877474,0.5636804213131011,6.990281856177374,1464.815171650011,10000.0,10000.0,237,
1481.10526315778,0.0,0.8049945918088685,6.529733802837585,0.01060858321601554,10.77310167678721,0.0,0.0,0.0009134325509434459,238,
0.0,0.7353726221243094,0.5156078740849729,0.7012700142307935,0.4023572799066305,6.900289901808895,1464.843962630922,10000.0,10000.0,239,
0.0,0.7522245037645493,0.413858831899137,1.179036536291889,0.2775522249675711,5.53860028533507,1464.855181228331,10000.0,10000.0,240,
3.16360175208382,0.0,0.541541410445436,3.100469850704712,0.0782697015933802,7.247353878253921,0.0,0.0,0.434997208271538,241,
0.0,0.0,0.0,0.0,1.0,0.0,0.0,0.0,0.0,242,
0.0,0.0,0.0,0.0,1.0,0.0,0.0,0.0,0.0,243,
0.0,0.0,0.0,0.0,1.0,0.0,0.0,0.0,0.0,244,
0.0,0.0,0.0,0.0,1.0,0.0,0.0,0.0,0.0,245,
0.0,0.0,0.0,0.0,1.0,0.0,0.0,0.0,0.0,246,
0.0,0.0,0.0,0.0,1.0,0.0,0.0,0.0,0.0,247,
0.0,0.6007712048773493,0.4451657210474242,0.56552765386677,0.4520416010434706,5.957574901326632,1464.807501130402,10000.0,10000.0,248,
0.0,0.0,0.0,0.0,1.0,0.0,0.0,0.0,0.0,249,
0.0,0.0,0.0,0.0,1.0,0.0,0.0,0.0,0.0,250,
0.0,0.602161830355035,0.3711980555136151,0.9244437645697445,0.3363108836637445,4.967678584384029,1464.808172032136,10000.0,10000.0,251,
1.352941176470589,0.0,0.4627206723613007,2.183948192941703,0.1394563042799625,6.192509741088071,0.0,0.0,1.052825981089062,252,
0.0,0.4999060212844837,0.3751185850764198,0.5583402518501117,0.4549297543640262,5.020146345082939,1464.768989014402,10000.0,10000.0,253,
1.279535343280533,0.7312629138766141,0.9324243054364105,0.1388442350296195,0.7094327130739396,12.4784712227721,0.03118209978613118,0.5715066158327193,3.16678495296366,254,
0.0,0.0,0.0,0.0,1.0,0.0,0.0,0.0,0.0,255,
0.0,0.0,0.0,0.0,1.0,0.0,0.0,0.0,0.0,256,
0.0,0.0,0.0,0.0,1.0,0.0,0.0,0.0,0.0,257,
0.0,0.0,0.0,0.0,1.0,0.0,0.0,0.0,0.0,258,
1.023021350753284,0.03457571276802515,0.176664486921392,13.72007358751343,0.0002121745580015988,2.364269896528058,0.001928175815080602,0.03379764532046759,0.1496932229257489,259,149.0
2.021800387177036,0.03234319792624069,0.3052968026032328,31.13221061312464,2.410382360373831e-08,4.085733655243703,0.000914060861380432,0.01599722610173217,0.07092634177593808,260,150.0
0.4899253859833075,0.164546231878211,0.2454297685982948,2.754231844392592,0.09699739355833881,3.284543621191888,0.1198250424489018,0.3358597790313674,0.726334836163886,261,151.0
0.6337967775791723,0.0,0.1814195168473588,19.75625839052097,8.797314660746736e-06,2.427905629475652,0.0,0.0,0.09657417974693636,262,152.0
1.209925841655168,0.03461704093973569,0.2292375710350924,18.86654033438141,1.401901913644643e-05,3.06784627627305,0.00161535160817556,0.02861087824389292,0.1254324644502271,263,153.0
0.1728843083176078,0.0,0.06433626128970932,6.889486194750809,0.008670418664359247,0.861000920293079,0.0,0.0,0.3449601108337998,264,154.0
1.717689258126876,0.0796335660625175,0.5213165797019134,28.89639911843176,7.635472698552803e-08,6.976688509551031,0.007696940399129914,0.04636086864125654,0.1443153660929322,265,155.0
0.4563825090127196,0.02791133355217611,0.09383924912866488,6.910331489870501,0.008569910132603886,1.255834240904443,0.003479785243795567,0.06115776350096319,0.2695169685342346,266,156.0
0.8589263066535526,0.5702266816142691,0.5840096834611709,0.1678832563485457,0.6819999172010728,7.815699340312254,0.4205313875308528,0.6638831261740242,0.9929778806322451,267,157.0
0.1859523843182225,0.0,0.05181083641239671,5.076554361468368,0.02425151902595535,0.6933753522193408,0.0,0.0,0.3724544180875129,268,158.0
0.3288373686846475,0.0,0.09175025811566564,10.1352376203378,0.001454614907270058,1.227877639936025,0.0,0.0,0.1861379217095517,269,159.0
1.769609385112537,0.1174676914293206,0.3522172533869558,22.20011271528244,2.456593741428925e-06,4.713661832845366,0.02056761451240799,0.06638057665016868,0.1552764275378935,270,160.0
1.707545357457876,0.0,0.2629814386865841,32.88502586212583,9.777348264350394e-09,3.519434548885797,0.0,0.0,0.03853600463170468,271,161.0
0.1728843083176078,0.0,0.05061899997564485,5.496849856382482,0.01905076256915994,0.6774252138632857,0.0,0.0,0.3747461692802136,272,162.0
0.8701701606092315,0.03614130412095999,0.2623242650340104,17.12513636071075,3.49960631987889e-05,3.510639708957028,0.00236297689951465,0.04153360544523431,0.1834909119921179,273,163.0
0.4545454545454537,0.0,0.1649954692042941,16.11923435863459,5.947689711438553e-05,2.208105475532327,0.0,0.0,0.1366290160665571,274,164.0
0.7018898942737496,0.04393273957520371,0.3385736296929537,14.45664644760683,0.0001434228462071641,4.531071605791758,0.003567642472904295,0.06259206740775378,0.2771003013768514,275,165.0
0.5797792070173569,0.2085294547632072,0.3393979147184505,3.71307590693749,0.0539878146603987,4.542102867965055,0.1422673828147074,0.3596704611674086,0.7367174347094453,276,166.0
0.5999999999999998,0.0,0.2230998282150312,19.00377044107192,1.304604077345672e-05,2.985705938761081,0.0,0.0,0.1154296049148378,277,167.0
0.4038342179235423,0.0,0.1142086876450792,12.56234744110102,0.0003935970217120444,1.528434870112768,0.0,0.0,0.1515683711428505,278,168.0
1.105263157894737,0.0,0.1399773893494639,19.76901115558463,8.738809900599165e-06,1.873292893216171,0.0,0.0,0.05639018695537339,279,169.0
0.2968988276098978,0.0,0.04640695652270527,7.374739699333517,0.006614636459345458,0.621056173813464,0.0,0.0,0.1786270261463062,280,170.0
0.0,0.0,0.0,0.0,1.0,0.0,0.0,0.0,0.0,281,171.0
0.565175116370209,0.03363884974465196,0.157276689153469,9.700895524691688,0.001841782344925935,2.104806393582669,0.003415687762698328,0.05951933970606266,0.2651033523550687,282,172.0
0.0,0.0395283000609175,0.03250681601969344,0.3830632736445096,0.5359683665547103,0.4350330272180526,1461.851017493723,10000.0,10000.0,283,173.0
0.0,0.0,0.0,0.0,1.0,0.0,0.0,0.0,0.0,284,
0.0,0.0,0.0,0.0,1.0,0.0,0.0,0.0,0.0,285,
0.0,0.0,0.0,0.0,1.0,0.0,0.0,0.0,0.0,286,
0.0,0.0,0.0,0.0,1.0,0.0,0.0,0.0,0.0,287,
0.0,0.0,0.0,0.0,1.0,0.0,0.0,0.0,0.0,288,
0.0,0.0,0.0,0.0,1.0,0.0,0.0,0.0,0.0,289,
0.0,0.0,0.0,0.0,1.0,0.0,0.0,0.0,0.0,290,
0.0,0.0,0.0,0.0,1.0,0.0,0.0,0.0,0.0,291,
0.0,0.0,0.0,0.0,1.0,0.0,0.0,0.0,0.0,292,
0.0,0.0,0.0,0.0,1.0,0.0,0.0,0.0,0.0,293,
0.0,0.0,0.0,0.0,1.0,0.0,0.0,0.0,0.0,294,
0.0,0.0,0.0,0.0,1.0,0.0,0.0,0.0,0.0,295,
0.0,0.0,0.0,0.0,1.0,0.0,0.0,0.0,0.0,296,
0.0,0.0,0.0,0.0,1.0,0.0,0.0,0.0,0.0,297,
0.0,0.0,0.0,0.0,1.0,0.0,0.0,0.0,0.0,298,
0.0,0.0,0.0,0.0,1.0,0.0,0.0,0.0,0.0,299,
0.0,0.0,0.0,0.0,1.0,0.0,0.0,0.0,0.0,300,
0.0,0.0,0.0,0.0,1.0,0.0,0.0,0.0,0.0,301,
0.0,0.0,0.0,0.0,1.0,0.0,0.0,0.0,0.0,302,
0.0,0.0,0.0,0.0,1.0,0.0,0.0,0.0,0.0,303,
0.0,0.0,0.0,0.0,1.0,0.0,0.0,0.0,0.0,304,
0.0,0.0,0.0,0.0,1.0,0.0,0.0,0.0,0.0,305,
0.0,0.0,0.0,0.0,1.0,0.0,0.0,0.0,0.0,306,
1.548948549512382,0.2759411309318446,0.6297078232641075,14.64961080122478,0.0001294613741738004,8.427269544070793,0.07608423365195474,0.1781473832805567,0.3492279983433353,307,174.0
2.869819173997933,0.175253610547276,0.7066356072838024,40.52698690809893,1.939191029975973e-10,9.456780608426952,0.02193656186245055,0.06106782341381145,0.1315877351237453,308,175.0
0.5703872233042196,0.6280158793080234,0.6044269936217259,0.05016955975315796,0.8227684894750653,8.088940627352336,0.6250805672010309,1.101034268737586,1.790015211354868,309,176.0
1.727753369794495,0.272044759717644,0.6965533446286674,18.64653610766771,1.573328578841071e-05,9.321851452602719,0.06729593382357399,0.1574557830264871,0.3085246587107529,310,177.0
1.130951917367875,0.1454619439178481,0.3878360120317558,13.16027174152944,0.0002859474133587447,5.190341443349485,0.03981254498281219,0.1286190347122708,0.3021424264308809,311,178.0
0.0,0.1725516322451699,0.1722645251883893,0.06146572017219398,0.8041941302404945,2.305385979038504,6809.153488524858,10000.0,10000.0,312,179.0
0.482481121952563,0.04382717984940786,0.2130259068138877,8.040767183611223,0.004573616270125425,2.850888412478557,0.005165028394434553,0.09083708741192342,0.4009851776798569,313,180.0
1.25156391559706,0.6039020611012182,0.8070973579673464,2.817071271683858,0.0932664392160708,10.80124262811569,0.2609385610971308,0.4825179549964304,0.8125576115338015,314,181.0
0.7895380055974103,0.07413855094143557,0.1784744658305266,6.464509056171153,0.0110050040950882,2.3884925273623,0.01563510245159144,0.09390118071053215,0.2904202767296605,315,182.0
0.9854900264050087,0.1826524721607474,0.2779349054763812,4.459635614062606,0.03470489997788362,3.719554176751812,0.06636768331185235,0.1853417764429839,0.4003535635785758,316,183.0
1.843087067806169,0.0,0.1565155413465792,28.32347264294933,1.02643778698841e-07,2.094620085751381,0.0,0.0,0.03013966509076986,317,184.0
0.3612091178433465,0.07702374139753042,0.1887286013042118,4.206020300080297,0.0402807354135597,2.525721827024216,0.03546545030762575,0.2132386409773161,0.6648753885696581,318,185.0
0.5965135949228303,0.08034126437513799,0.1662338737515175,4.578960923820318,0.03236683614944813,2.224678826757276,0.02220398968568481,0.1346847164238253,0.4167881164590946,319,186.0
3.176133415534529,0.2752407169899344,0.8664904682945656,38.85817612702402,4.557411115158061e-10,11.59609022456724,0.03932969883098392,0.08665905394393285,0.1629325608303689,320,187.0
1.352941176470589,0.0,0.3080850221246295,27.75326348303682,1.378155239928347e-07,4.12304790891305,0.0,0.0,0.05435819992333395,321,188.0
1.352941176470589,0.0,0.2812812448207403,32.78414204538097,1.029815366315745e-08,3.764337650291437,0.0,0.0,0.04593687373903988,322,189.0
0.4016323254877017,0.08760406375842636,0.1732064950672934,2.936936544172369,0.08657478484575787,2.317992196999671,0.03625222185770852,0.218120052095032,0.6630958284017174,323,190.0
0.2657367468984787,0.0,0.06291654280702141,8.615146083297631,0.0033337905823555,0.8420010764158146,0.0,0.0,0.1986809343687888,324,191.0
0.0,0.0,0.0,0.0,1.0,0.0,0.0,0.0,0.0,325,192.0
0.9615478437071161,0.0,0.1483146038026545,21.50868317050197,3.522301460723298e-06,1.98486837449186,0.0,0.0,0.06033898657046349,326,193.0
0.09277792804977009,0.0,0.02883461243786598,2.595132481713577,0.1071924760237847,0.3858885696435073,0.0,0.0,0.8197912209213838,327,194.0
0.2321396760876724,0.0,0.02481116383906585,4.41775359876921,0.03556683084964729,0.3320434615058213,0.0,0.0,0.2310152799124144,328,195.0
0.8695737986650631,0.1151522992901736,0.3930241717690354,13.13749632948327,0.0002894443737674335,5.259773676725777,0.03280185552527362,0.1324238373637189,0.3463267469897556,329,196.0
0.2043605787930206,0.0738834006970284,0.1083978898538563,0.9817815418666456,0.3217593676826905,1.450669980677389,0.05988103016608553,0.3615345050077323,1.122431589818433,330,197.0
1.792792416937931,0.06560350346025874,0.5619856584292302,40.52770196837042,1.938481597463237e-10,7.520955669465907,0.006086073124911112,0.03659291663689028,0.1137978625927579,331,198.0
1.193432844375506,0.1014104857783941,0.279129472275103,13.08524878724408,0.0002976303018522586,3.735540855064054,0.02106328845647918,0.08497376811466903,0.2218544455314476,332,199.0
0.9843241240369112,0.1542201433166632,0.5350799282350938,11.74368445225821,0.0006105004569645356,7.160880993164903,0.03882175734607402,0.1566761796756289,0.4107327253455284,333,200.0
1.29268179381309,0.3453871295594226,0.7190096443872779,9.38584104663039,0.00218667710944509,9.622380180429703,0.120012930875842,0.2671865042212874,0.5098012656946779,334,201.0
2.17531005172933,0.05489098319883481,0.2469944017067298,26.68371769900737,2.396323416364865e-07,3.305482832132624,0.00420087089992274,0.02523363653617907,0.07841046934039815,335,202.0
0.3895115811653063,0.05805838901804627,0.09530600039406144,2.423583359764699,0.1195212481152562,1.275463516277792,0.02481227809741495,0.1490543332353619,0.454933137799084,336,203.0
0.3991465469966712,0.1337008160024754,0.1976569725203348,2.074981373957868,0.1497317678003378,2.64520865575341,0.103683869620595,0.3349667359231608,0.7814838082795864,337,204.0
0.382272795622797,0.1525332026283886,0.2059296140439879,1.557390828212419,0.212047662535881,2.755919968819084,0.1429201134679079,0.3990166299432378,0.8631131845161063,338,205.0
0.3199696522117278,0.0396530246492723,0.1467005995773113,5.119292316391778,0.02366126409583724,1.963268438537861,0.007053246661663746,0.1239274549169851,0.5471494845792821,339,206.0
0.6505729756957571,0.0,0.2437980641229697,17.69584319202106,2.591923902484083e-05,3.262706805891494,0.0,0.0,0.1265797654847723,340,207.0
1.352941176470589,0.0,0.1888655832740436,21.38160142600908,3.763656089894596e-06,2.527555032742491,0.0,0.0,0.05354895175199115,341,208.0
1.52933481131754,0.03616246153740391,0.3844156534616499,30.01339157103246,4.290728450317971e-08,5.144567383471612,0.001340137490131897,0.0236458761481075,0.1038703616104676,342,209.0
1.054692196693764,0.0,0.4551319170780022,28.06673115563478,1.172034351792917e-07,6.090950757836365,0.0,0.0,0.08501870529826012,343,210.0
0.5323858870968078,0.04055450793347695,0.2417122670025448,10.5514027539883,0.001160999429040466,3.234792948228182,0.004361324815108841,0.07617502438809505,0.3383538171056059,344,211.0
1.469096295605581,0.136456293931089,0.5825088667761926,19.94438653884475,7.972768913622197e-06,7.795614173393112,0.02292731003425483,0.09288451297526405,0.2427171401377551,345,212.0
1.352941176470589,0.0,0.3493903351140772,29.50280560968071,5.583581752510725e-08,4.675829680560645,0.0,0.0,0.05794879576031754,346,213.0
0.8768328445747819,0.0,0.2965173164861484,21.31613255691259,3.894402947124398e-06,3.968239329726855,0.0,0.0,0.09799017656346373,347,214.0
0.2581339143886923,0.03874660089745601,0.1334522979354051,4.165166848893875,0.04126334872472737,1.785968737291061,0.008561729851959075,0.1501027131177821,0.6654900447780082,348,215.0
1.072667949187316,0.1918759920621114,0.4413098022208882,10.78364268910107,0.001024009641055534,5.905971814798601,0.06391194650058758,0.1788773424315345,0.3886047248740289,349,216.0
1.211818009258641,0.03261768457614766,0.2993139190286342,24.50291430348773,7.419752550141823e-07,4.005665771899668,0.001522399220808189,0.02691632268784512,0.1181408978246079,350,217.0
0.7522082280341867,0.1392280947766366,0.3016288186076709,6.291155030923008,0.01213419513708058,4.036645667653348,0.04753689630703821,0.1850924911317361,0.4649102116491646,351,218.0
2.426717694425686,0.1839439525722523,0.4450397385509035,17.99264781423886,2.217598060139103e-05,5.955888899633797,0.0271539280335161,0.07579948545097866,0.1629572789195041,352,219.0
3.821615348066772,0.03304016727277736,0.4628031279872197,52.53722843161918,4.22217816264947e-13,6.193613230292701,0.0004913785861479537,0.008645602517137491,0.03810593660824595,353,220.0
1.284002846900674,0.1341279383578223,0.2880712911175756,11.04301623133146,0.0008902190866784121,3.855207651022158,0.03224817834907545,0.1044607795703727,0.2438838628265718,354,221.0
1.46054697656923,0.1326041423187725,0.6514627224940334,22.56124649390588,2.035494186425346e-06,8.718411551429645,0.02237986765505804,0.09079074103474208,0.2376346794456126,355,222.0
1.051282051282052,0.0,0.3940444128524577,30.91743346631901,2.692423040073777e-08,5.273427384512615,0.0,0.0,0.07133195570495786,356,223.0
0.0,0.0,0.0,0.0,1.0,0.0,0.0,0.0,0.0,357,
0.0,0.0,0.0,0.0,1.0,0.0,0.0,0.0,0.0,358,
0.0,0.0,0.0,0.0,1.0,0.0,0.0,0.0,0.0,359,
0.0,0.0,0.0,0.0,1.0,0.0,0.0,0.0,0.0,360,
0.0,0.0,0.0,0.0,1.0,0.0,0.0,0.0,0.0,361,
0.0,0.0,0.0,0.0,1.0,0.0,0.0,0.0,0.0,362,
0.0,0.0,0.0,0.0,1.0,0.0,0.0,0.0,0.0,363,
0.2981456455526886,0.1834998869372289,0.2144718236904718,0.4066456796753926,0.5236769546316371,2.870238864874293,0.2202598578916159,0.6154706254289418,1.335618876086309,364,224.0
1.047027933477555,0.08662570889674369,0.2207226017934668,12.17637566262928,0.0004839859224003984,2.953891933786574,0.02052074715428176,0.08273485943114114,0.2154028234186414,365,225.0
2.335381708698381,0.1454743441410197,0.7226973618681731,38.34199475423324,5.937114133658383e-10,9.671732257799166,0.01921062169494131,0.06229146336086509,0.1454772850445483,366,226.0
1.145801576674962,0.07261844194982063,0.436102762223113,23.11518738729865,1.525807515556643e-06,5.836286910201814,0.01053079463080323,0.06337785130349916,0.1972645741006941,367,227.0
0.5054627372552185,0.08402873756830596,0.234100221557363,5.89953857768829,0.01514485187633319,3.132922276817835,0.02741765617844483,0.166241211022996,0.5135267323038427,368,228.0
1.408779145384002,0.1162282170812291,0.2580721063109286,13.20984862657306,0.0002784818634942177,3.453733813270622,0.02555860149729894,0.08250279503502157,0.1927323538522753,369,229.0
0.951993316326901,0.0608318570478374,0.1824462056768535,11.6530848616117,0.0006409615649224376,2.441645626319251,0.01060362504843117,0.06389945812072131,0.1980129850698146,370,230.0
2.401000099575549,0.05531437374886389,0.420624874268055,46.11620482764937,1.114430769888486e-11,5.629149045701292,0.003837912095754739,0.02303805558302243,0.07159190071707246,371,231.0
1.747093190743725,0.06687014952411441,0.2649929850774692,19.43344928586603,1.041665999146346e-05,3.546354722036133,0.006344341113943898,0.0382750902346819,0.1190816177797123,372,232.0
0.8784577671767506,0.06713867411610426,0.3701627157841065,13.7701196899811,0.0002065961564219343,4.953822814060216,0.005576262601603769,0.07642789058816027,0.2804141853992304,373,233.0
1.776489200010623,0.1189825576886897,0.5772208097571967,27.45912254493052,1.6045022965816e-07,7.724845032186485,0.0165052742268563,0.06697623474883958,0.1743790898749,374,234.0
1.681324973813287,0.1324767172905263,0.5457566635551075,21.37773963038904,3.771244703743015e-06,7.303765872577811,0.0194583462646314,0.07879304676600732,0.204136588225975,375,235.0
1.578874705901088,0.09923396755493981,0.4141429258600388,24.35896384858555,7.995383182191063e-07,5.542402265072198,0.01554063769090656,0.06285107183239436,0.1637467915466345,376,236.0
1.974404376078427,0.03931026549792443,0.6099686887112575,38.04983683348729,6.896048176940894e-10,8.163104162447802,0.001144414986788064,0.01990993637078677,0.08937189396478168,377,237.0
3.034443678062763,0.03654815682141002,0.4354369857925187,41.69623507905708,1.06614050920939e-10,5.827376940801045,0.0006819534423415542,0.01204443407061124,0.05291247033967596,378,238.0
1.850993201007975,0.03843334963669634,0.5056578051314755,36.63173779301155,1.426895268608064e-09,6.767129871148064,0.001180912164596509,0.02076363630928904,0.09165514915483099,379,239.0
1.227764071417637,0.1225750181144342,0.5228332902798899,19.74680477517376,8.840937855247866e-06,6.996986381657329,0.02472310283314309,0.09983597090677448,0.2600273822327702,380,240.0
1.043774501830859,0.09805698562528875,0.4798755605280016,15.04492522359831,0.000104982147157151,6.422090605797361,0.01553242790125764,0.09394460724350845,0.2926635075415825,381,241.0
1.674415000372179,0.07960083705775287,0.3259038240551422,18.24446653168704,1.942895515305576e-05,4.36151381527969,0.007898185599047215,0.04753949112977347,0.147371598339355,382,242.0
0.0,0.0,0.0,0.0,1.0,0.0,0.0,0.0,0.0,383,
0.0,0.0,0.0,0.0,1.0,0.0,0.0,0.0,0.0,384,
0.0,0.0,0.0,0.0,1.0,0.0,0.0,0.0,0.0,385,
0.0,0.0,0.0,0.0,1.0,0.0,0.0,0.0,0.0,386,
0.0,0.0,0.0,0.0,1.0,0.0,0.0,0.0,0.0,387,
0.0,0.0,0.0,0.0,1.0,0.0,0.0,0.0,0.0,388,
0.0,0.0,0.0,0.0,1.0,0.0,0.0,0.0,0.0,389,
0.0,0.0,0.0,0.0,1.0,0.0,0.0,0.0,0.0,390,
0.0,5.997052798284723,4.643272120456394,0.5073519531637132,0.4762874276733245,62.14009780396761,1465.00575802795,10000.0,10000.0,391,
0.0,0.0,0.0,0.0,1.0,0.0,0.0,0.0,0.0,392,
0.0,0.0,0.0,0.0,1.0,0.0,0.0,0.0,0.0,393,
0.0,0.0,0.0,0.0,1.0,0.0,0.0,0.0,0.0,394,
0.0,0.0,0.0,0.0,1.0,0.0,0.0,0.0,0.0,395,
0.0,0.0,0.0,0.0,1.0,0.0,0.0,0.0,0.0,396,
237.6440677966186,0.0,3.211292412841845,3.606452818981772,0.05755575908437705,42.97616410031063,0.0,0.0,0.03480447660450565,397,
0.0,0.0,0.0,0.0,1.0,0.0,0.0,0.0,0.0,398,
0.0,32.42430005843881,1125.208572271949,1.119332370806308,0.2900622572469993,15058.46931150119,3827.526724893745,10000.0,10000.0,399,
0.0,0.0,0.0,0.0,1.0,0.0,0.0,0.0,0.0,400,
0.0,0.0,0.0,0.0,1.0,0.0,0.0,0.0,0.0,401,
0.0,4.498970733017087,3.626280243746625,0.4071436875121393,0.5234228285711078,48.52987358166337,1464.998034520506,10000.0,10000.0,402,
0.0,0.0,0.0,0.0,1.0,0.0,0.0,0.0,0.0,403,
0.0,0.0,0.0,0.0,1.0,0.0,0.0,0.0,0.0,404,
0.0,0.0,0.0,0.0,1.0,0.0,0.0,0.0,0.0,405,
0.0,0.0,0.0,0.0,1.0,0.0,0.0,0.0,0.0,406,
0.0,0.0,0.0,0.0,1.0,0.0,0.0,0.0,0.0,407,
0.0,0.0,0.0,0.0,1.0,0.0,0.0,0.0,0.0,408,
0.0,0.0,0.0,0.0,1.0,0.0,0.0,0.0,0.0,409,
0.0,0.0,0.0,0.0,1.0,0.0,0.0,0.0,0.0,410,
0.0,0.0,0.0,0.0,1.0,0.0,0.0,0.0,0.0,411,
0.0,0.0,0.0,0.0,1.0,0.0,0.0,0.0,0.0,412,
0.0,5.295081967213182,3.569511741211639,0.8136954929925313,0.3670299278011979,47.77015065175632,1465.004738031025,10000.0,10000.0,413,
0.0,0.0,0.0,0.0,1.0,0.0,0.0,0.0,0.0,414,
0.0,0.0,0.0,0.0,1.0,0.0,0.0,0.0,0.0,415,
0.0,10.45242957767171,6.848113707731852,0.7419625277338469,0.3890329349412195,91.64710672380781,1465.012663444896,10000.0,10000.0,416,
0.0,0.0,0.0,0.0,1.0,0.0,0.0,0.0,0.0,417,
0.0,0.0,0.0,0.0,1.0,0.0,0.0,0.0,0.0,418,
0.0,0.0,0.0,0.0,1.0,0.0,0.0,0.0,0.0,419,
0.0,0.0,0.0,0.0,1.0,0.0,0.0,0.0,0.0,420,
0.0,0.0,0.0,0.0,1.0,0.0,0.0,0.0,0.0,421,
0.0,0.0,0.0,0.0,1.0,0.0,0.0,0.0,0.0,422,
0.0,0.0,0.0,0.0,1.0,0.0,0.0,0.0,0.0,423,
0.0,0.0,0.0,0.0,1.0,0.0,0.0,0.0,0.0,424,
0.0,0.0,0.0,0.0,1.0,0.0,0.0,0.0,0.0,425,
0.0,8.669255065636152,6.606423659781769,0.4055435804995629,0.5242401186823693,88.41261112926841,1465.008382891196,10000.0,10000.0,426,
0.0,0.0,0.0,0.0,1.0,0.0,0.0,0.0,0.0,427,
0.0,0.0,0.0,0.0,1.0,0.0,0.0,0.0,0.0,428,
0.0,0.0,0.0,0.0,1.0,0.0,0.0,0.0,0.0,429,
0.0,0.0,0.0,0.0,1.0,0.0,0.0,0.0,0.0,430,
0.0,0.0,0.0,0.0,1.0,0.0,0.0,0.0,0.0,431,
0.0,0.0,0.0,0.0,1.0,0.0,0.0,0.0,0.0,432,
0.0,0.0,0.0,0.0,1.0,0.0,0.0,0.0,0.0,433,
0.0,0.0,0.0,0.0,1.0,0.0,0.0,0.0,0.0,434,
0.0,0.0,0.0,0.0,1.0,0.0,0.0,0.0,0.0,435,
0.0,0.0,0.0,0.0,1.0,0.0,0.0,0.0,0.0,436,
0.0,0.0,0.0,0.0,1.0,0.0,0.0,0.0,0.0,437,
0.0,0.0,0.0,0.0,1.0,0.0,0.0,0.0,0.0,438,
0.0,0.0,0.0,0.0,1.0,0.0,0.0,0.0,0.0,439,
0.0,0.0,0.0,0.0,1.0,0.0,0.0,0.0,0.0,440,
0.0,0.0,0.0,0.0,1.0,0.0,0.0,0.0,0.0,441,
0.0,0.0,0.0,0.0,1.0,0.0,0.0,0.0,0.0,442,
0.0,0.0,0.0,0.0,1.0,0.0,0.0,0.0,0.0,443,
0.0,0.0,0.0,0.0,1.0,0.0,0.0,0.0,0.0,444,
0.0,0.0,0.0,0.0,1.0,0.0,0.0,0.0,0.0,445,
0.0,0.0,0.0,0.0,1.0,0.0,0.0,0.0,0.0,446,
0.0,6.260816372363827,4.277248199943147,0.7090014539172547,0.3997755044615828,57.24166376236134,1465.005514396076,10000.0,10000.0,447,
0.0,0.0,0.0,0.0,1.0,0.0,0.0,0.0,0.0,448,
0.0,0.0,0.0,0.0,1.0,0.0,0.0,0.0,0.0,449,
0.0,0.0,0.0,0.0,1.0,0.0,0.0,0.0,0.0,450,
0.0,0.0,0.0,0.0,1.0,0.0,0.0,0.0,0.0,451,
0.0,0.0,0.0,0.0,1.0,0.0,0.0,0.0,0.0,452,
0.0,0.0,0.0,0.0,1.0,0.0,0.0,0.0,0.0,453,
12.85826771653554,0.0,3.476133943641535,2.309453335209193,0.128589266918169,46.52049193626519,0.0,0.0,1.016355120355102,454,
0.0,0.0,0.0,0.0,1.0,0.0,0.0,0.0,0.0,455,
0.0,0.0,0.0,0.0,1.0,0.0,0.0,0.0,0.0,456,
0.0,0.0,0.0,0.0,1.0,0.0,0.0,0.0,0.0,457,
0.0,0.0,0.0,0.0,1.0,0.0,0.0,0.0,0.0,458,
937.6666666667378,0.0,3.968330212851351,3.959014642339863,0.04662098606465648,53.10746842913539,0.0,0.0,0.01130480719180428,459,
0.0,32.15864598042328,9999.99999999834,0.9154534474437916,0.3386715871939449,133828.249113794,3827.521456086804,10000.0,10000.0,460,
0.0,0.0,0.0,0.0,1.0,0.0,0.0,0.0,0.0,461,
0.0,0.0,0.0,0.0,1.0,0.0,0.0,0.0,0.0,462,
0.0,0.0,0.0,0.0,1.0,0.0,0.0,0.0,0.0,463,
0.0,0.0,0.0,0.0,1.0,0.0,0.0,0.0,0.0,464,
0.0,0.0,0.0,0.0,1.0,0.0,0.0,0.0,0.0,465,
0.0,0.0,0.0,0.0,1.0,0.0,0.0,0.0,0.0,466,
167.0688014345445,6.056162890329487,6.004410590388484,0.1673533545912331,0.6824747568794158,80.35597562721465,0.001826348264469456,0.03624951420210085,10000.0,467,
0.0,0.0,0.0,0.0,1.0,0.0,0.0,0.0,0.0,468,
0.0,0.0,0.0,0.0,1.0,0.0,0.0,0.0,0.0,469,
0.0,0.0,0.0,0.0,1.0,0.0,0.0,0.0,0.0,470,
0.0,0.0,0.0,0.0,1.0,0.0,0.0,0.0,0.0,471,
0.0,0.0,0.0,0.0,1.0,0.0,0.0,0.0,0.0,472,
0.0,0.0,0.0,0.0,1.0,0.0,0.0,0.0,0.0,473,
0.0,6.873642392592864,4.782730392658777,0.5708316928943464,0.4499286129982882,64.0064434432959,1465.004440750284,10000.0,10000.0,474,
0.0,0.0,0.0,0.0,1.0,0.0,0.0,0.0,0.0,475,
0.0,0.0,0.0,0.0,1.0,0.0,0.0,0.0,0.0,476,
0.0,0.0,0.0,0.0,1.0,0.0,0.0,0.0,0.0,477,
0.0,0.0,0.0,0.0,1.0,0.0,0.0,0.0,0.0,478,
0.0,0.0,0.0,0.0,1.0,0.0,0.0,0.0,0.0,479,
0.0,0.0,0.0,0.0,1.0,0.0,0.0,0.0,0.0,480,
0.0,0.0,0.0,0.0,1.0,0.0,0.0,0.0,0.0,481,
0.0,0.0,0.0,0.0,1.0,0.0,0.0,0.0,0.0,482,
0.0,0.0,0.0,0.0,1.0,0.0,0.0,0.0,0.0,483,
0.0,0.0,0.0,0.0,1.0,0.0,0.0,0.0,0.0,484,
0.0,0.0,0.0,0.0,1.0,0.0,0.0,0.0,0.0,485,
0.0,0.0,0.0,0.0,1.0,0.0,0.0,0.0,0.0,486,
0.0,0.0,0.0,0.0,1.0,0.0,0.0,0.0,0.0,487,
0.0,0.0,0.0,0.0,1.0,0.0,0.0,0.0,0.0,488,
0.0,0.0,0.0,0.0,1.0,0.0,0.0,0.0,0.0,489,
0.0,0.0,0.0,0.0,1.0,0.0,0.0,0.0,0.0,490,
0.0,0.0,0.0,0.0,1.0,0.0,0.0,0.0,0.0,491,
0.0,0.0,0.0,0.0,1.0,0.0,0.0,0.0,0.0,492,
0.0,0.0,0.0,0.0,1.0,0.0,0.0,0.0,0.0,493,
15.58543767945219,0.0,3.896359419863047,2.362351993763387,0.1242946642121545,52.14429590783963,0.0,0.0,1.015932972739774,494,
0.0,0.0,0.0,0.0,1.0,0.0,0.0,0.0,0.0,495,
0.0,0.0,0.0,0.0,1.0,0.0,0.0,0.0,0.0,496,
0.0,8.82332720441279,3.958504000578368,1.281141742518972,0.2576868555578318,52.97596595074399,1465.010573915417,10000.0,10000.0,497,
0.0,6.414021962109175,4.539372738187456,0.6815345017824566,0.4090588243462876,60.74963056266171,1465.007576555886,10000.0,10000.0,498,
10.39158576051779,0.0,3.01432445068032,2.302549759946908,0.1291618163433488,40.34017634955131,0.0,0.0,0.9288870022789334,499,
0.0,3.549763033175341,2.934949586169235,0.3850547222535905,0.5349103722700199,39.27791643543482,1464.992726730882,10000.0,10000.0,500,
0.0,0.0,0.0,0.0,1.0,0.0,0.0,0.0,0.0,501,
0.0,0.0,0.0,0.0,1.0,0.0,0.0,0.0,0.0,502,
0.0,0.0,0.0,0.0,1.0,0.0,0.0,0.0,0.0,503,
0.0,0.0,0.0,0.0,1.0,0.0,0.0,0.0,0.0,504,
0.5165876777251182,32.3913043478265,17.49977517289525,2.537142691964377,0.1111958479106265,234.1964271274002,7.171462890920546,62.70243318707702,1470.2858942383,505,
0.0,4.459392216100884,3.175182995544899,0.6274868100688842,0.4282786697755308,42.49291809097361,1464.996991506418,10000.0,10000.0,506,
0.0,0.0,0.0,0.0,1.0,0.0,0.0,0.0,0.0,507,
0.0,0.0,0.0,0.0,1.0,0.0,0.0,0.0,0.0,508,
0.0,0.0,0.0,0.0,1.0,0.0,0.0,0.0,0.0,509,
1.078763363227062,0.07627329142008288,0.2203720654618215,9.911568717699694,0.001642430625934832,2.949200767435087,0.01177457690328279,0.07070437690052382,0.2197984508958477,510,243.0
0.8242502756952031,0.04003587570658457,0.2593993148709786,14.377129886278,0.0001496083829057859,3.471495613050657,0.00277413805715367,0.04857247475327423,0.215436071523511,511,244.0
0.4442372671710387,0.2657604697745301,0.3142433027246325,0.3916227050984844,0.531447670140835,4.205463099938049,0.2164744276434526,0.5982399258552251,1.24867160187583,512,245.0
1.7752299805172,0.1875247287751909,0.4154762330415701,14.38937099253376,0.0001486389453382309,5.56024568163572,0.03771154304025363,0.1056340478885766,0.2282708190839067,513,246.0
1.067790626698942,0.2268426180893574,0.5523515036901959,8.590967200359188,0.003378345255350967,7.392023463424254,0.0673163494112216,0.2124411026070137,0.4863632635088831,514,247.0
0.9037438126002183,0.1710430902063932,0.3905543902329673,8.15003197520366,0.004306040180024562,5.226721022859214,0.0589473642941127,0.1892605933469955,0.4467066179796256,515,248.0
1.189167741582208,0.3512648314681998,0.5878734895756874,6.404479312947245,0.01138328048563542,7.867407981034356,0.1342896008521661,0.2953871175489809,0.5546104138608701,516,249.0
0.907770924850949,0.2247822720072876,0.3976729453069305,6.21145121510753,0.01269265351968119,5.321987399036092,0.09842391417962318,0.2476200392122006,0.5037359152911699,517,250.0
0.5776293524030958,0.1055077375886004,0.2927340588368827,5.553472665588558,0.01844405885322298,3.917608655012089,0.0304074813937651,0.1826564684596782,0.5601567431990805,518,251.0
0.7414750692478365,0.2747382360215472,0.3246911359307399,1.739862087218199,0.187156302216226,4.345284622438704,0.17732039745352,0.3705292968248358,0.672354249043636,519,252.0
0.2121006902155715,0.03056892195987991,0.05330175703980227,1.627136355933651,0.2020995887690579,0.7133280819326766,0.008207967842215108,0.1441245755910118,0.6354041794405546,520,253.0
1.888373660854771,0.06338562064061712,0.2783720767773117,23.46897879390534,1.269442103324359e-06,3.725404763728445,0.005565432386036353,0.03356624907166183,0.1039939661339394,521,254.0
0.4557184061807941,0.1480342333438542,0.1901842361490303,1.388668600012551,0.2386300699751768,2.545202333287328,0.1004028634740579,0.3248370733683414,0.7586358593920893,522,255.0
2.703009206311397,0.1395719457410325,0.4313203278623733,27.44137655065802,1.619293136245759e-07,5.772284428501861,0.01649786696028448,0.05163576410140918,0.1166455921311764,523,256.0
0.2017336723970157,0.07532881005543761,0.09505913286581613,0.5566353837194669,0.4556190831475707,1.27215973137098,0.06186683661047981,0.3734072213149874,1.158762835774097,524,257.0
2.540355085359497,0.03541608676140361,0.5811102698029009,50.83428546299098,1.004973881890692e-12,7.776896994977959,0.0007929676722299452,0.0139413922744551,0.06147598832990843,525,258.0
2.099713374892398,0.0,0.5069727035499492,46.00577363545332,1.17904574992167e-11,6.784726926458751,0.0,0.0,0.03655647848270661,526,259.0
0.0,0.0,0.0,0.0,1.0,0.0,0.0,0.0,0.0,527,
0.0,0.0,0.0,0.0,1.0,0.0,0.0,0.0,0.0,528,
0.0,0.0,0.0,0.0,1.0,0.0,0.0,0.0,0.0,529,
0.0,0.0,0.0,0.0,1.0,0.0,0.0,0.0,0.0,530,
1.644082028385583,0.04442779420507841,0.4575281932030166,27.21808991285516,1.817501451562009e-07,6.123019701656755,0.001539557041674673,0.02702285739885167,0.1195471851029025,531,260.0
1.530663632463618,0.08959978992515871,0.5106533911403818,23.05280441606561,1.576124410984647e-06,6.833984924035006,0.009732994529107803,0.05853656415743477,0.1823392697478989,532,261.0
1.017833390807429,0.1196805172955799,0.4578582165251017,11.78652647048469,0.0005966095123565163,6.127436345992892,0.02001851779904906,0.1175836029515985,0.3460977404379164,533,262.0
2.118797123488114,0.03943306906234093,0.2697005213485341,21.98529651862755,2.747472301112275e-06,3.609354855715774,0.001057083028256355,0.01861106409160279,0.08186028585615054,534,263.0
1.067169464018456,0.03804096471442547,0.1640621872016687,11.55389789523275,0.0006760737099221759,2.195615525898248,0.002015223301660242,0.03564660159144843,0.1562077387235782,535,264.0
1.109086900955125,0.1308170331731308,0.2320535136806678,7.475287435245832,0.006255157837103953,3.105531543659278,0.0364186448875382,0.1179502102679903,0.274403764444053,536,265.0
0.7138050104201922,0.03714386489187572,0.2191960062611115,12.78094584075242,0.0003501678328838853,2.933461773066565,0.002998741727639588,0.05203643060730327,0.2323219573594148,537,266.0
1.449208304374937,0.7969089921707743,1.008112115191926,2.144646013896818,0.1430680322529949,13.49138792865613,0.3136266628704143,0.5498926481203762,0.8862703135754367,538,267.0
0.46713905306676,0.2018285715202638,0.2408046400894204,0.5634938868110737,0.4528559179707552,3.222646336164982,0.1425677527809611,0.4320524481848876,0.9575368747294466,539,268.0
0.6825535573058725,0.0,0.1847540463437386,15.40854888771806,8.65956455695649e-05,2.47253105388754,0.0,0.0,0.1197344068473635,540,269.0
0.8410745275524169,0.1464315927832191,0.2134207157587052,3.944280724463979,0.04703095549847203,2.856172071460497,0.05995893614231827,0.1741006153275677,0.3805977836410154,541,270.0
0.6592905480067004,0.03990351612953701,0.1353479477902611,6.911214734793184,0.008565677870180255,1.811337887391885,0.003468297681863588,0.06052493282389887,0.2689782289508059,542,271.0
1.178455838657823,0.1777177784432837,0.4496326382850367,11.27952523822464,0.0007836659509473654,6.017354872611232,0.04661302189819199,0.1508056327725368,0.3526359066354867,543,272.0
3.99846184715612,0.2751718650130975,1.151872142520116,44.83378346251408,2.144895372424571e-11,15.41530320364473,0.02721536653680963,0.06881942995374878,0.1408933624515225,544,273.0
0.9204023560287525,0.1708204691021537,0.3739642082023113,7.939298890505142,0.004837257256269267,5.004697521494995,0.05737772447042497,0.1855932549316697,0.4341033009018111,545,274.0
0.9126701113694609,0.04360278785055596,0.2842730431183942,14.6334738242267,0.0001305745651347667,3.804376363079108,0.002730155157007609,0.04777497072313457,0.2117188270335902,546,275.0
0.4195707318050552,0.05104647518495427,0.1131244426866036,2.418045525355602,0.1199444975898915,1.513924609672441,0.006915585205095756,0.1216635749718404,0.5239231756475424,547,276.0
1.287200554505051,0.03268191865927767,0.2167689512000043,18.97871486689306,1.321848352819899e-05,2.900980920133486,0.001454759286394439,0.02538991965540629,0.112501568416505,548,277.0
1.396241440069434,0.09455976792286595,0.4935560650275618,19.64522763722474,9.323588667120575e-06,6.605174402214343,0.01124253383694714,0.06772451039568313,0.2107332420459731,549,278.0
0.3731100391490652,0.05077478939980938,0.1811944147238992,4.592016636512639,0.03212119969904059,2.424893127170211,0.00777823460925337,0.1360852940746625,0.603591309431353,550,279.0
0.9642780779454538,0.1472640834205982,0.4205699105172715,9.358859086997711,0.002219102368448023,5.628413475448081,0.03791305826655166,0.152719518143944,0.4008698875774166,551,280.0
0.0,0.0,0.0,0.0,1.0,0.0,0.0,0.0,0.0,552,
0.0,0.0,0.0,0.0,1.0,0.0,0.0,0.0,0.0,553,
0.0,0.0,0.0,0.0,1.0,0.0,0.0,0.0,0.0,554,
0.0,0.0,0.0,0.0,1.0,0.0,0.0,0.0,0.0,555,
1.223398336251001,0.4114991578732747,0.6907698025559503,5.307671508096917,0.02123171501519594,9.244451321675937,0.1524810366817147,0.3363574607549968,0.6360357495890594,556,281.0
0.7537776747779278,0.5920779425867191,0.6325028756345211,0.1990474327682819,0.6554908319438546,8.464675240562181,0.4294332957827411,0.7854808684286817,1.307055719789169,557,282.0
0.0,0.0,0.0,0.0,1.0,0.0,0.0,0.0,0.0,558,
1.356003779219014,0.4119891566374301,0.7454526686597229,6.903316922679949,0.00860359805477473,9.97626254439525,0.1377124854294823,0.3038259649060226,0.5777072413190525,559,283.0
1.879168053504437,0.8901438687742182,1.095503777165613,3.166505768230877,0.07516309405401356,14.66093523956463,0.2921984246789953,0.4736904009804765,0.7229427941787465,560,284.0
3.211221384345532,0.9821095634480779,1.556347535952807,12.3128924497546,0.0004498403432904308,20.82832657491663,0.1880826323737846,0.3058367661089297,0.4676807594694656,561,285.0
2.210685956127172,3.050797738774354,2.642434947699494,0.02982699131627697,0.8628833719403632,35.36324424477819,0.2126649974219134,1.380023123736194,10000.0,562,
1.269503546099292,72.84615384615562,9999.99999999834,3.884669196096979e-05,0.9950270479633663,133828.249113794,0.7263682612718126,57.38160721959741,10000.0,563,
0.0,0.0,0.0,0.0,1.0,0.0,0.0,0.0,0.0,564,
0.0,0.0,0.0,0.0,1.0,0.0,0.0,0.0,0.0,565,
0.0,0.0,0.0,0.0,1.0,0.0,0.0,0.0,0.0,566,
0.0,0.0,0.0,0.0,1.0,0.0,0.0,0.0,0.0,567,
0.0,0.0,0.0,0.0,1.0,0.0,0.0,0.0,0.0,568,
0.0,0.0,0.0,0.0,1.0,0.0,0.0,0.0,0.0,569,
0.0,19.59444936181693,69.94992485028204,0.06901097506144716,0.792782278853962,936.127596835627,5271.4007059226,10000.0,10000.0,570,
0.0,0.7084700517212607,0.6129602606653131,0.275406393281747,0.5997279590898676,8.203139846118724,1464.808846709756,10000.0,10000.0,571,
11.75362318840577,0.0,0.5502151410641533,2.006465320244114,0.1566298799017291,7.363432896452704,0.0,0.0,0.1916624547888649,572,
1.544731610337973,547.5714285715934,9999.99999999834,-3.552713678800501e-15,1.0,133828.249113794,0.7362976007049863,354.4767420482771,10000.0,573,
0.0,23.40383854526155,1365.889065599215,0.0575522026689832,0.8104074695623847,18279.45421328494,1464.888237664409,10000.0,10000.0,574,
2.260367746557353,3.10557968593385,2.772228663269573,0.02572616238453307,0.8725708946343365,37.10025081485023,0.1534977369246173,1.373926738542343,10000.0,575,
0.0,0.0,0.0,0.0,1.0,0.0,0.0,0.0,0.0,576,
0.0,4.161100639992488,9999.99999999834,1.119381086415679,0.2900517611285555,133828.249113794,3827.450707091506,10000.0,10000.0,577,
4.289855646448404,1.025114485680718,1.817017092709116,19.00240596040521,1.305537325624329e-05,24.31682161271377,0.1451543327412445,0.2389624663779574,0.3700139226355695,578,286.0
1.700605005017869,0.4094941418524434,0.7672266236739613,9.657637775017491,0.001885659372595327,10.26765957197911,0.1092882444570821,0.2407932122063469,0.4520170066413269,579,287.0
1.498323845191354,0.8447771217374901,1.028349168246894,2.034394653356571,0.1537753963344574,13.76221686641311,0.3330300532892342,0.5638147750559239,0.8891507954681167,580,288.0
1.382018838833086,1.103055144349242,1.162192509363815,0.2399629576903521,0.6242328699812205,15.55341886613518,0.4995108533680726,0.7981476904327961,1.204935017709424,581,289.0
0.0,0.0,0.0,0.0,1.0,0.0,0.0,0.0,0.0,582,
0.0,0.0,0.0,0.0,1.0,0.0,0.0,0.0,0.0,583,
0.0,0.0,0.0,0.0,1.0,0.0,0.0,0.0,0.0,584,
1.781176652916885,0.6579742247686969,1.024208325436034,6.076369010975327,0.01370020819988604,13.70680069208981,0.1990117259345062,0.3694042495398687,0.6229417769318607,585,290.0
4.299332293156365,0.6056669553301234,1.433888543251792,28.05203240832788,1.180970184977426e-07,19.18947931677478,0.0746767568435876,0.1408746554189864,0.240500764838575,586,291.0
0.0,0.0,0.0,0.0,1.0,0.0,0.0,0.0,0.0,587,
1.394794138284027,0.5078563544372784,0.6391827993760449,2.771954423503473,0.0959289682057397,8.554071490416376,0.1879384532533233,0.3641084662587402,0.6312290991168527,588,292.0
3.091984739973903,1.354813847323008,1.732668152020944,6.015705901509364,0.01417910560693114,23.18799450802345,0.289764063668791,0.4381696422390633,0.6292647855820115,589,293.0
0.4475020325118899,0.467349693300173,0.4608216187102572,0.005773956202631325,0.939429796601469,6.167095038578835,0.5370552021622557,1.044352113166672,1.805033761603827,590,294.0
1.86586136776969,0.3665686982394262,0.5372701415829492,9.316988142063167,0.00227038888745057,7.190192234917824,0.104359873755911,0.1964608435393004,0.3334063160657015,591,295.0
2.232570836370263,0.254859669277518,0.7337026009031962,22.80129820672897,1.796443158230687e-06,9.819013444912782,0.04516296145241862,0.1141552443155047,0.2338827684133355,592,296.0
2.082538428251586,0.5469933212894124,0.7429818324640954,5.871019676332423,0.01539213384405325,9.943195776204465,0.1448003401843519,0.2626570121679078,0.4359930553279234,593,297.0
0.9375069828373584,0.3793314862552805,0.5238467853279,3.084176403907861,0.07905727948730557,7.010549808433401,0.1924481678059463,0.4046172382708407,0.7378765512026177,594,298.0
0.0,0.0,0.0,0.0,1.0,0.0,0.0,0.0,0.0,595,
0.0,0.0,0.0,0.0,1.0,0.0,0.0,0.0,0.0,596,
0.0,0.0,0.0,0.0,1.0,0.0,0.0,0.0,0.0,597,
1.784689645795092,0.0,0.5085563524586254,2.427230299741467,0.1192434200449816,6.805920622524665,0.0,0.0,0.8024034927363934,598,
1.962962962962964,0.0,0.5267036560093927,2.582197788000499,0.1080715156772579,7.048782808558279,0.0,0.0,0.729463617452495,599,
0.0,0.0,0.0,0.0,1.0,0.0,0.0,0.0,0.0,600,
0.0,1.767649381527329,1.050915926201946,2.052107188096254,0.1519956936413525,14.0642238369431,3827.394679682718,10000.0,10000.0,601,
0.0,0.0,0.0,0.0,1.0,0.0,0.0,0.0,0.0,602,
0.0,0.0,0.0,0.0,1.0,0.0,0.0,0.0,0.0,603,
4.811152815418274,0.7849164722614763,1.781909416548821,2.055449590218998,0.1516624822811963,23.84698172961505,0.009119326240788928,0.1631451966659755,0.7944177805990776,604,
10000.0,0.7942798645574547,2.2618268793925,5.599115200234493,0.01796955049990767,30.26963310676652,4.696688140654472e-06,7.942798645574547e-05,0.000366834742772996,605,
2.342036553524804,0.0,0.5519215143706344,2.81445738324982,0.0934184812151797,7.386268991646799,0.0,0.0,0.613159694853252,606,
1.658795242280527,0.429445223464532,0.7429012119526833,9.508993672763154,0.002044672638263467,9.94211684601597,0.1286198132221596,0.258889833126195,0.4584940429304339,607,299.0
1.620256084371003,0.7876622853095394,1.030167221924413,3.429789613697267,0.0640302576105265,13.78654756045883,0.2859017602191365,0.4861344406648636,0.768548647393802,608,300.0
1.805203289994432,0.2149446665726504,0.6733540051854674,20.74029882672764,5.259736046703267e-06,9.011378754774666,0.04259586601449224,0.1190695074421858,0.2590038041358135,609,301.0
0.0,0.0,0.0,0.0,1.0,0.0,0.0,0.0,0.0,610,
0.0,0.0,0.0,0.0,1.0,0.0,0.0,0.0,0.0,611,
0.0,0.0,0.0,0.0,1.0,0.0,0.0,0.0,0.0,612,
0.0,0.0,0.0,0.0,1.0,0.0,0.0,0.0,0.0,613,
2.592902893156349,0.3552586668339699,0.9273817607687536,24.07094488340886,9.28507787878452e-07,12.41098773037703,0.06213921022651051,0.1370119443237276,0.2570235372953609,614,302.0
1.235848859469226,0.5627493393136928,0.7528475062174391,3.272396044516796,0.07045465143194518,10.07522636067828,0.2488544055356366,0.4553544998660946,0.7642514236531569,615,303.0
0.8566167313430001,0.1417276738121249,0.332878427857084,7.116245767215759,0.007638850304693579,4.454853716787336,0.04191257823637545,0.1654505085254696,0.422204793373851,616,304.0
2.279686123788933,0.0,0.5430489443395624,44.4483675605961,2.611544314135017e-11,7.267528940406988,0.0,0.0,0.03594333160751036,617,305.0
0.9589328335567696,0.0,0.1374054014745023,15.18023282422666,9.772103747851535e-05,1.838872429811362,0.0,0.0,0.08092054451655498,618,306.0
0.7254329705509037,0.09784182727960015,0.1664751292853542,4.276718404873492,0.038637876825518,2.227907507325514,0.03354356238093098,0.1348736978487451,0.3498796427600089,619,307.0
0.3421219255233033,0.0848976699626499,0.1542894488209602,2.345950495075527,0.1256089259999318,2.064828679244486,0.04108349717171084,0.2481503336355657,0.7683133244622621,620,308.0
0.2290634793581458,0.07497301993672446,0.1129931157078237,1.155383342006935,0.2824250565344909,1.512167083709289,0.05452258847046784,0.3273023711453474,1.018519859470692,621,309.0
0.227743621393178,0.1013306907830922,0.1177134343014338,0.4144367391837491,0.5197261385029388,1.575338280973512,0.1106226290826014,0.4449331672308585,1.160813190829759,622,310.0
1.185881293464303,0.03371723568510923,0.1753993254177338,15.25927821431446,9.371525648249612e-05,2.34733846163998,0.001614241380982896,0.02843221819159607,0.1250035459289371,623,311.0
0.5291224511864563,0.0884922457181049,0.2181547059873281,5.129179089773146,0.02352685238258145,2.919526233822348,0.0277626528358852,0.1672434150538838,0.5200766478805483,624,312.0
1.60317231959637,0.1305924824478691,0.3080940606877202,14.10699406248803,0.0001727004415553735,4.123168870420343,0.02517474663866213,0.08145879320118771,0.1897830787482757,625,313.0
1.011448582240291,0.1685945864566677,0.3946846887411488,8.362093836263512,0.00383128850147163,5.281996084625948,0.05124907232988775,0.1666862650429959,0.3939816753185856,626,314.0
1.034518076718679,0.05250674131136249,0.1453073630367709,11.97052453482057,0.0005404872459180421,1.944622997855671,0.00841129492781422,0.05075478379063729,0.1568911437839545,627,315.0
1.31833137818764,0.2612657050887686,0.586770891847508,10.72911309210633,0.001054629828722509,7.852652108690442,0.07844666251213905,0.1981790841146029,0.4049551627312922,628,316.0
0.5278713263498144,0.2653746550167839,0.3387249637013733,1.088952815647701,0.2967033476133348,4.533096882329575,0.2002590677634126,0.50272602767009,1.024026461808336,629,317.0
1.08704698806934,0.1809446836370509,0.2749018806731215,6.321831687620417,0.01192603746803111,3.678963736857909,0.06566758164021208,0.1664552550377048,0.3383760599647547,630,318.0
0.7191254558558227,0.1410147815678648,0.3659551039103434,7.134051474036809,0.007563364050091503,4.897513081058595,0.04846904465785645,0.1960920454415632,0.5118903578180078,631,319.0
0.257388955348713,0.1696135517693809,0.194436770465713,0.2246955211104051,0.6354852235070831,2.602113255477134,0.2074277011934887,0.6589775833216576,1.518818459855406,632,320.0
1.539962896573441,0.1247834819330646,0.4873103786662327,20.0123893165738,7.694203077779349e-06,6.521589475189273,0.02005773267747367,0.08103018729264147,0.2113657850541362,633,321.0
0.6492298405324641,0.08192666259358722,0.2370146587426747,6.394908673867846,0.01144481178425782,3.17192567938408,0.02082019488209993,0.1261905375858806,0.4004918257590758,634,322.0
0.9525331192871583,0.1679362247024396,0.2549462172605073,4.723289360382111,0.02975676833501795,3.411900587416429,0.06328392113895215,0.1763048667831277,0.3795509862749705,635,323.0
1.049273591517228,0.2069831074062602,0.4248729196512596,8.424367368760755,0.003702254372933145,5.685999893280321,0.07030957026768979,0.1972632391395335,0.4279158742901109,636,324.0
0.0,0.0,0.0,0.0,1.0,0.0,0.0,0.0,0.0,637,
0.0,0.0,0.0,0.0,1.0,0.0,0.0,0.0,0.0,638,
0.0,0.0,0.0,0.0,1.0,0.0,0.0,0.0,0.0,639,
0.0,0.0,0.0,0.0,1.0,0.0,0.0,0.0,0.0,640,
1.655789462195153,0.0641489522723314,0.2485802665860335,18.56118760617719,1.64536695610451e-05,3.326706184145455,0.006408852142495114,0.03874221556361779,0.1199022220917818,641,325.0
1.009385848672592,0.08525456504623648,0.1766621694125788,8.848075886735913,0.002933980267011305,2.364238881713379,0.02095822109360045,0.08446181919268216,0.2199308721526019,642,326.0
0.7030923452654135,0.1764495396787593,0.2338772092906566,2.625406073076107,0.1051655974532442,3.129937742699413,0.09786379397036261,0.2509621116869799,0.5145054159276589,643,327.0
1.016463030200234,0.1424193409228746,0.2546933332763173,5.941830805262583,0.01478565228676332,3.408516285333121,0.04354510874567807,0.1401126619379548,0.3239815444456975,644,328.0
1.009161362437007,0.04240823264190609,0.2101444634340917,12.07351768104083,0.0005114311072637046,2.812326560234687,0.002395933895606639,0.04202324248670714,0.1861569461694318,645,329.0
1.178879122505492,0.08259562128091763,0.3659835690062599,15.38689216748885,8.759381537937205e-05,4.89789402445333,0.01160434032011622,0.07006284164688213,0.2193366888336999,646,330.0
0.5872613889738915,0.07116395086428744,0.190390616353227,7.06384185214911,0.007865514309704946,2.547964283425268,0.02016227244761002,0.1211793456890306,0.3767042132742885,647,331.0
0.8997609589768395,0.1001658109584221,0.2669208058255954,10.78969554086864,0.001020666680986548,3.572154409568835,0.02753334894035507,0.1113249135329514,0.2907607410807735,648,332.0
1.976760545802966,0.1150914714212919,0.554719441148433,28.81347904111169,7.96945438530372e-08,7.42371315582894,0.01444195768648914,0.0582222625120947,0.1521201642836761,649,333.0
1.500000000000001,0.0,0.285958109269975,39.41972958727185,3.418257898957222e-10,3.82692730834981,0.0,0.0,0.03734808811669029,650,334.0
1.399449356559833,0.03981313432724479,0.2019571636661549,13.89325750029087,0.0001934913544735517,2.702757360943394,0.00162730388314457,0.02844914261500294,0.1258579285195469,651,335.0
0.0,0.1047842065095123,0.09039062854579838,0.8946070776166977,0.344231879719296,1.209681955458153,5269.244932555492,10000.0,10000.0,652,336.0
0.6497923721680707,0.1188159192868784,0.2602376369709496,6.00736189687332,0.01424631104217711,3.482714730933913,0.04539359547362296,0.1828521299664415,0.4785078979931587,653,337.0
4.015528064885081,0.2301714764215994,0.9685023198952939,52.59116363146603,4.107825191113079e-13,12.96129697342563,0.02282074111232257,0.05732035057466012,0.1164302248709901,654,338.0
0.818452010222848,0.1185309665362509,0.3133603425964833,9.183094310940731,0.002442607206741387,4.193646599139297,0.03582258964941791,0.1448233556222525,0.3784921977455171,655,339.0
0.5514410618485568,0.2051857147900124,0.297836847023399,2.270176664371476,0.131884867682895,3.985898375872102,0.1331302670130467,0.372090018291679,0.806188216059732,656,340.0
