Site 1,Site 2,P [Site 1 -> Site 2],P [Site 2 -> Site 1],P [Site 1 <-> Site 2],Site 1 subs,Site 2 subs,Shared subs,ProbS1andS2
2.0,17.0,0.072421917069473,0.501652185971629,0.574074103041102,3.0,2.0,2.0,0.574074103041102
16.0,87.0,0.2477137788724497,0.2559484579962512,0.5036622368687009,12.0,19.0,5.0,0.5036622368687009
17.0,18.0,0.557708155863223,0.08700489988701766,0.6447130557502406,2.0,3.0,2.0,0.6447130557502406
17.0,22.0,0.3352424703774587,0.2231500952960334,0.5583925656734922,2.0,3.0,2.0,0.5583925656734922
17.0,23.0,0.5205187744572284,0.08168859696965194,0.6022073714268803,2.0,3.0,2.0,0.6022073714268803
32.0,90.0,0.4265227757236956,0.2786981844434405,0.705220960167136,23.0,15.0,7.0,0.705220960167136
32.0,581.0,0.5119045017237039,0.08359313034814736,0.5954976320718512,23.0,17.0,7.0,0.5954976320718512
34.0,147.0,0.8258380622908625,0.003060773336808931,0.8288988356276714,12.0,14.0,5.0,0.8288988356276714
35.0,61.0,0.01389176490950581,0.6790816581609399,0.6929734230704457,13.0,11.0,5.0,0.6929734230704457
61.0,64.0,0.3682390494608947,0.1592865197814588,0.5275255692423535,11.0,5.0,4.0,0.5275255692423535
61.0,65.0,0.8899921992019323,0.109998539923553,0.9999907391254853,11.0,12.0,8.0,0.9999907391254853
62.0,64.0,0.3522986265960547,0.2900076056228963,0.642306232218951,10.0,5.0,4.0,0.642306232218951
68.0,77.0,0.3533340261542517,0.152016643616605,0.5053506697708567,3.0,6.0,2.0,0.5053506697708567
73.0,177.0,0.2555902576512406,0.2843992108166454,0.5399894684678861,14.0,14.0,5.0,0.5399894684678861
74.0,140.0,0.09602098012045517,0.4735027884806473,0.5695237686011024,10.0,2.0,2.0,0.5695237686011024
75.0,265.0,0.1561489852871279,0.5632670929671201,0.7194160782542479,6.0,2.0,2.0,0.7194160782542479
82.0,86.0,0.1812919364906715,0.3514091907822878,0.5327011272729594,15.0,4.0,3.0,0.5327011272729594
82.0,134.0,0.1899007312620188,0.3518970787517446,0.5417978100137634,15.0,4.0,3.0,0.5417978100137634
90.0,275.0,0.452172298363354,0.2426586088857891,0.6948309072491432,15.0,6.0,4.0,0.6948309072491432
93.0,116.0,0.8355783695634061,0.09409286367179634,0.9296712332352025,6.0,5.0,3.0,0.9296712332352025
93.0,585.0,0.8387368164422339,0.1006946134331284,0.9394314298753623,6.0,10.0,4.0,0.9394314298753623
94.0,180.0,0.5697219222608766,0.3106737349441329,0.8803956572050095,18.0,5.0,4.0,0.8803956572050095
95.0,130.0,0.5774441800030207,0.4162207745039922,0.9936649545070129,20.0,15.0,8.0,0.9936649545070129
95.0,178.0,0.4947100549804145,0.3541595544958833,0.8488696094762977,20.0,7.0,5.0,0.8488696094762977
97.0,127.0,0.3690605929268617,0.3492416145606941,0.7183022074875558,3.0,4.0,2.0,0.7183022074875558
98.0,149.0,0.3441971433283155,0.4670423773832658,0.8112395207115812,11.0,9.0,4.0,0.8112395207115812
99.0,342.0,0.3025347172995599,0.2172052448338904,0.5197399621334503,1.0,1.0,1.0,0.5197399621334503
128.0,313.0,0.1212649001331305,0.7003966714405272,0.8216615715736577,7.0,2.0,2.0,0.8216615715736577
136.0,265.0,0.05404554133016959,0.6847992388320467,0.7388447801622163,7.0,2.0,2.0,0.7388447801622163
145.0,590.0,0.0485354698074742,0.4578133577374565,0.5063488275449307,14.0,8.0,4.0,0.5063488275449307
146.0,585.0,0.06763520638280358,0.8295803150751199,0.8972155214579235,12.0,10.0,5.0,0.8972155214579235
191.0,222.0,0.4901823094282066,0.3629055443501111,0.8530878537783178,2.0,3.0,2.0,0.8530878537783178
207.0,263.0,0.3386604189245982,0.3142580175086173,0.6529184364332155,1.0,1.0,1.0,0.6529184364332155
213.0,222.0,0.06455697658552781,0.7990366437436128,0.8635936203291407,2.0,3.0,2.0,0.8635936203291407
222.0,225.0,0.7569236327385539,0.06883363064220654,0.8257572633807604,3.0,2.0,2.0,0.8257572633807604
260.0,282.0,0.277361142294668,0.2244670384636365,0.5018281807583045,1.0,1.0,1.0,0.5018281807583045
265.0,343.0,0.5675847323315247,0.1030150571461946,0.6705997894777194,2.0,7.0,2.0,0.6705997894777194
308.0,315.0,0.1765464177756532,0.613028141065092,0.7895745588407452,4.0,2.0,2.0,0.7895745588407452
309.0,310.0,0.3757159092458508,0.5869076985683389,0.9626236078141897,12.0,5.0,4.0,0.9626236078141897
311.0,324.0,0.5387553369910494,0.1559196010574698,0.6946749380485192,3.0,3.0,2.0,0.6946749380485192
314.0,316.0,0.09974254516197595,0.4033981527300227,0.5031406978919986,13.0,4.0,3.0,0.5031406978919986
333.0,354.0,0.4405859312403979,0.540737070656036,0.981323001896434,3.0,3.0,3.0,0.981323001896434
337.0,364.0,0.1451705806238252,0.5615551460190633,0.7067257266428885,5.0,4.0,3.0,0.7067257266428885
345.0,581.0,0.1850670884122377,0.5791013783821412,0.7641684667943789,3.0,17.0,3.0,0.7641684667943789
510.0,515.0,5.543360605350702e-05,0.7213011919970639,0.7213566256031174,2.0,4.0,2.0,0.7213566256031174
512.0,513.0,0.6867744890030844,0.07240099535422975,0.7591754843573141,3.0,4.0,3.0,0.7591754843573141
512.0,514.0,0.5120155887853904,0.0007895249770689821,0.5128051137624594,3.0,10.0,3.0,0.5128051137624594
512.0,515.0,0.006746445299886971,0.873790233913145,0.880536679213032,3.0,4.0,3.0,0.880536679213032
515.0,523.0,0.1930154981134943,0.4716384885411972,0.6646539866546916,4.0,3.0,3.0,0.6646539866546916
516.0,519.0,0.6730856987044918,0.09778361476931585,0.7708693134738076,5.0,7.0,4.0,0.7708693134738076
522.0,523.0,0.3453727241939742,0.4373511820384564,0.7827239062324305,3.0,3.0,3.0,0.7827239062324305
533.0,578.0,0.7189951052082723,0.0465383267606103,0.7655334319688826,3.0,17.0,3.0,0.7655334319688826
538.0,544.0,0.06847758867371886,0.7424512910136436,0.8109288796873625,14.0,5.0,4.0,0.8109288796873625
591.0,631.0,0.3288116576715047,0.3057505391831586,0.6345621968546633,9.0,5.0,3.0,0.6345621968546633
619.0,621.0,0.3020443024173998,0.2855781576970166,0.5876224601144164,2.0,2.0,2.0,0.5876224601144164
619.0,622.0,0.295931426981338,0.3048656456100853,0.6007970725914232,2.0,2.0,2.0,0.6007970725914232
621.0,622.0,0.304419789067755,0.2764325179854121,0.5808523070531671,2.0,2.0,2.0,0.5808523070531671
624.0,629.0,1.321399044416105e-05,0.5375276732836666,0.5375408872741108,2.0,4.0,2.0,0.5375408872741108
627.0,628.0,0.01854925937526448,0.9128878352607319,0.9314370946359964,6.0,5.0,4.0,0.9314370946359964
628.0,629.0,0.6171993407775874,0.3799844466834321,0.9971837874610195,5.0,4.0,4.0,0.9971837874610195
628.0,644.0,0.7369355572174344,0.1260447104609739,0.8629802676784083,5.0,3.0,3.0,0.8629802676784083
629.0,632.0,0.6472629046151311,0.002544127403534923,0.6498070320186661,4.0,3.0,3.0,0.6498070320186661
636.0,644.0,0.03280816747196978,0.7937835332588672,0.826591700730837,5.0,3.0,3.0,0.826591700730837
643.0,644.0,0.005635081326561546,0.7898810048762855,0.7955160862028471,6.0,3.0,3.0,0.7955160862028471
649.0,656.0,0.1319441672017814,0.7763663719859435,0.9083105391877249,7.0,3.0,3.0,0.9083105391877249
652.0,653.0,0.3933092690913636,0.389025134979114,0.7823344040704776,2.0,2.0,2.0,0.7823344040704776
